"Es_Params","Request","Expected_1","Expected_2","Expected_3","Expected_4","Expected_5","countResults","Actual_Rank1","Actual_Rank2","Actual_Rank3","Actual_Rank4","Actual_Rank5","url_0","url_1","url_2","url_3","url_4","url_5","url_6","url_7","url_8","url_9","url_10","url_11","url_12","url_13","url_14","url_15","url_16","url_17","url_18","url_19","prevScore","score","diffScore"
"Defaultl","rupture conventionnelle","https://www.service-public.fr/particuliers/vosdroits/F19030","","","","","1/1",1,"","","","","https://www.service-public.fr/particuliers/vosdroits/F19030","themes/la-rupture-conventionnelle","https://travail-emploi.gouv.fr/droit-du-travail/la-rupture-du-contrat-de-travail/article/la-rupture-conventionnelle-collective#Comment-la-rupture-conventionnelle-collective-est-elle-mise-en-oeuvre-nbsp","https://travail-emploi.gouv.fr/droit-du-travail/la-rupture-du-contrat-de-travail/article/la-rupture-conventionnelle-collective#Quel-est-le-suivi-de-mise-en-oeuvre-de-l-accord-de-rupture-conventionnelle-nbsp","https://travail-emploi.gouv.fr/droit-du-travail/la-rupture-du-contrat-de-travail/article/la-rupture-conventionnelle-collective#Comment-est-mise-en-place-la-rupture-conventionnelle-collective-nbsp","https://travail-emploi.gouv.fr/droit-du-travail/la-rupture-du-contrat-de-travail/article/la-rupture-conventionnelle-collective#L-accord-de-rupture-conventionnelle-collective-peut-il-etre-conteste-nbsp","https://travail-emploi.gouv.fr/droit-du-travail/la-rupture-du-contrat-de-travail/article/la-rupture-conventionnelle-du-contrat-de-travail-a-duree-indeterminee#En-quoi-consiste-la-rupture-conventionnelle","modeles_de_courriers/demande-de-rendez-vous-en-vue-dune-rupture-conventionnelle","themes/quest-ce-que-la-rupture-conventionnelle-collective","themes/quest-ce-que-la-rupture-conventionnelle-collective","themes/une-des-parties-peut-elle-refuser-la-rupture-conventionnelle","https://travail-emploi.gouv.fr/droit-du-travail/la-rupture-du-contrat-de-travail/article/la-rupture-conventionnelle-collective#L-obligation-de-revitalisation-des-territoires-s-applique-t-elle-dans-le-nbsp","themes/a-t-on-droit-au-chomage-apres-une-rupture-conventionnelle","https://www.service-public.fr/professionnels-entreprises/vosdroits/F23261","faq/la-rupture-conventionnelle-une-modalite-de-rupture-a-lamiable-du-contrat-de-travail-a-duree-indeterminee","https://travail-emploi.gouv.fr/droit-du-travail/la-rupture-du-contrat-de-travail/article/la-rupture-conventionnelle-du-contrat-de-travail-a-duree-indeterminee#Quel-est-le-contenu-de-la-convention","https://travail-emploi.gouv.fr/droit-du-travail/la-rupture-du-contrat-de-travail/article/la-rupture-conventionnelle-du-contrat-de-travail-a-duree-indeterminee#Quelle-est-la-procedure","themes/rupture-de-contrat","https://travail-emploi.gouv.fr/droit-du-travail/la-rupture-du-contrat-de-travail/article/la-rupture-conventionnelle-du-contrat-de-travail-a-duree-indeterminee#Quelles-sont-les-indemnites-dues-au-salarie","https://travail-emploi.gouv.fr/droit-du-travail/la-rupture-du-contrat-de-travail/article/la-rupture-conventionnelle-du-contrat-de-travail-a-duree-indeterminee#Les-salaries-sont-ils-concernes",1,1,0
"Defaultl","rupture conventionnelle individuelle","https://www.service-public.fr/particuliers/vosdroits/F19030","","","","","1/1",1,"","","","","https://www.service-public.fr/particuliers/vosdroits/F19030","https://travail-emploi.gouv.fr/droit-du-travail/la-rupture-du-contrat-de-travail/article/la-rupture-conventionnelle-collective#Comment-est-mise-en-place-la-rupture-conventionnelle-collective-nbsp","https://travail-emploi.gouv.fr/droit-du-travail/la-rupture-du-contrat-de-travail/article/la-rupture-conventionnelle-du-contrat-de-travail-a-duree-indeterminee#En-quoi-consiste-la-rupture-conventionnelle","https://www.legifrance.gouv.fr/affichCodeArticle.do?idArticle=LEGIARTI000036439615&cidTexte=LEGITEXT000006072050","https://www.legifrance.gouv.fr/affichCodeArticle.do?idArticle=LEGIARTI000036439607&cidTexte=LEGITEXT000006072050","https://travail-emploi.gouv.fr/dialogue-social/le-comite-social-et-economique/article/la-protection-en-cas-de-licenciement#Quels-sont-les-salaries-proteges","https://travail-emploi.gouv.fr/droit-du-travail/le-particulier-employeur/article/les-droits-et-obligations-des-salaries-du-particulier-employeur#Beneficier-d-un-certain-nombre-de-garanties-en-cas-de-rupture-du-contrat-de-nbsp","https://www.service-public.fr/particuliers/vosdroits/F2360","https://travail-emploi.gouv.fr/droit-du-travail/la-rupture-du-contrat-de-travail/article/la-procedure-en-cas-de-licenciement-individuel-pour-motif-economique#Comment-est-notifie-le-licenciement","https://www.legifrance.gouv.fr/affichCodeArticle.do?idArticle=LEGIARTI000024777415&cidTexte=LEGITEXT000006072050","https://travail-emploi.gouv.fr/droit-du-travail/la-remuneration/article/la-remuneration-du-salarie-en-contrat-a-duree-determinee#Le-salarie-a-t-il-droit-a-une-indemnite-de-fin-de-contrat","https://www.service-public.fr/particuliers/vosdroits/F107","https://www.service-public.fr/particuliers/vosdroits/F1972","https://travail-emploi.gouv.fr/droit-du-travail/les-contrats-de-travail/article/le-contrat-a-duree-determinee-cdd#L-embauche-sous-contrat-a-duree-determinee","https://www.legifrance.gouv.fr/affichCodeArticle.do?idArticle=LEGIARTI000033747923&cidTexte=LEGITEXT000006072050","https://www.legifrance.gouv.fr/affichCodeArticle.do?idArticle=LEGIARTI000036484024&cidTexte=LEGITEXT000006072050","https://travail-emploi.gouv.fr/emploi/accompagnement-des-mutations-economiques/csp#Quelle-est-la-procedure","https://travail-emploi.gouv.fr/droit-du-travail/handicap-et-travail/article/les-etablissements-ou-services-d-aide-par-le-travail#Mise-a-disposition-d-une-entreprise","https://travail-emploi.gouv.fr/droit-du-travail/la-vie-du-contrat-de-travail/article/la-modification-du-contrat-de-travail#Le-salarie-dispose-t-il-d-un-delai-pour-refuser-la-modification-du-contrat-nbsp","https://www.service-public.fr/professionnels-entreprises/vosdroits/F24648",1,1,0
"Defaultl","rupture conventionnelle individuelle indemnit√© de rupture","https://travail-emploi.gouv.fr/droit-du-travail/la-rupture-du-contrat-de-travail/article/la-rupture-conventionnelle-du-contrat-de-travail-a-duree-indeterminee#Quelles-sont-les-indemnites-dues-au-salarie","https://www.service-public.fr/particuliers/vosdroits/F19030","https://www.telerc.travail.gouv.fr/RuptureConventionnellePortailPublic/jsp/site/Portal.jsp?page_id=14","","","1/3","",1,"","","","https://www.service-public.fr/particuliers/vosdroits/F19030","https://travail-emploi.gouv.fr/droit-du-travail/la-rupture-du-contrat-de-travail/article/la-rupture-conventionnelle-collective#Comment-est-mise-en-place-la-rupture-conventionnelle-collective-nbsp","https://travail-emploi.gouv.fr/droit-du-travail/la-rupture-du-contrat-de-travail/article/la-rupture-conventionnelle-du-contrat-de-travail-a-duree-indeterminee#En-quoi-consiste-la-rupture-conventionnelle","https://travail-emploi.gouv.fr/droit-du-travail/le-particulier-employeur/article/les-droits-et-obligations-des-salaries-du-particulier-employeur#Beneficier-d-un-certain-nombre-de-garanties-en-cas-de-rupture-du-contrat-de-nbsp","https://travail-emploi.gouv.fr/droit-du-travail/la-remuneration/article/la-remuneration-du-salarie-en-contrat-a-duree-determinee#Le-salarie-a-t-il-droit-a-une-indemnite-de-fin-de-contrat","https://travail-emploi.gouv.fr/droit-du-travail/la-rupture-du-contrat-de-travail/article/la-procedure-en-cas-de-licenciement-individuel-pour-motif-economique#Comment-est-notifie-le-licenciement","https://travail-emploi.gouv.fr/emploi/accompagnement-des-mutations-economiques/csp#Quelle-est-la-procedure","https://www.service-public.fr/professionnels-entreprises/vosdroits/F24648","https://travail-emploi.gouv.fr/droit-du-travail/la-vie-du-contrat-de-travail/article/la-modification-du-contrat-de-travail#Le-salarie-dispose-t-il-d-un-delai-pour-refuser-la-modification-du-contrat-nbsp","https://travail-emploi.gouv.fr/droit-du-travail/les-contrats-de-travail/article/le-contrat-a-duree-determinee-cdd#L-embauche-sous-contrat-a-duree-determinee","","","","","","","","","","",0,0.3,0.3
"Defaultl","rupture conventionnelle collective","https://www.service-public.fr/professionnels-entreprises/vosdroits/F23261","","","","","1/1",10,"","","","","https://travail-emploi.gouv.fr/droit-du-travail/la-rupture-du-contrat-de-travail/article/la-rupture-conventionnelle-collective#Comment-la-rupture-conventionnelle-collective-est-elle-mise-en-oeuvre-nbsp","https://travail-emploi.gouv.fr/droit-du-travail/la-rupture-du-contrat-de-travail/article/la-rupture-conventionnelle-collective#L-accord-de-rupture-conventionnelle-collective-peut-il-etre-conteste-nbsp","https://travail-emploi.gouv.fr/droit-du-travail/la-rupture-du-contrat-de-travail/article/la-rupture-conventionnelle-collective#Comment-est-mise-en-place-la-rupture-conventionnelle-collective-nbsp","https://www.service-public.fr/particuliers/vosdroits/F19030","https://travail-emploi.gouv.fr/droit-du-travail/la-rupture-du-contrat-de-travail/article/la-rupture-conventionnelle-collective#Quel-est-le-suivi-de-mise-en-oeuvre-de-l-accord-de-rupture-conventionnelle-nbsp","themes/quest-ce-que-la-rupture-conventionnelle-collective","themes/quest-ce-que-la-rupture-conventionnelle-collective","https://travail-emploi.gouv.fr/droit-du-travail/la-rupture-du-contrat-de-travail/article/la-rupture-conventionnelle-collective#L-obligation-de-revitalisation-des-territoires-s-applique-t-elle-dans-le-nbsp","https://travail-emploi.gouv.fr/droit-du-travail/la-rupture-du-contrat-de-travail/article/la-rupture-conventionnelle-du-contrat-de-travail-a-duree-indeterminee#En-quoi-consiste-la-rupture-conventionnelle","https://www.service-public.fr/professionnels-entreprises/vosdroits/F23261","https://www.legifrance.gouv.fr/affichCodeArticle.do?idArticle=LEGIARTI000035623974&cidTexte=LEGITEXT000006072050","https://www.legifrance.gouv.fr/affichCodeArticle.do?idArticle=LEGIARTI000035623984&cidTexte=LEGITEXT000006072050","https://www.legifrance.gouv.fr/affichCodeArticle.do?idArticle=LEGIARTI000036498303&cidTexte=LEGITEXT000006072050","https://www.legifrance.gouv.fr/affichCodeArticle.do?idArticle=LEGIARTI000036242037&cidTexte=LEGITEXT000006072050","https://www.legifrance.gouv.fr/affichCodeArticle.do?idArticle=LEGIARTI000035623969&cidTexte=LEGITEXT000006072050","https://travail-emploi.gouv.fr/droit-du-travail/la-rupture-du-contrat-de-travail/article/la-rupture-conventionnelle-du-contrat-de-travail-a-duree-indeterminee#Quelles-sont-les-indemnites-dues-au-salarie","https://www.legifrance.gouv.fr/affichCodeArticle.do?idArticle=LEGIARTI000036261915&cidTexte=LEGITEXT000006072050","https://www.legifrance.gouv.fr/affichCodeArticle.do?idArticle=LEGIARTI000035623976&cidTexte=LEGITEXT000006072050","https://www.legifrance.gouv.fr/affichCodeArticle.do?idArticle=LEGIARTI000035623986&cidTexte=LEGITEXT000006072050","https://www.legifrance.gouv.fr/affichCodeArticle.do?idArticle=LEGIARTI000035623994&cidTexte=LEGITEXT000006072050",0,0.09999999999999998,0.09999999999999998
"Defaultl","rupture conventionnelle collective comment le contester ?","https://www.legifrance.gouv.fr/affichCodeArticle.do?idArticle=LEGIARTI000035623986&cidTexte=LEGITEXT000006072050","","","","","1/1",9,"","","","","https://travail-emploi.gouv.fr/droit-du-travail/la-rupture-du-contrat-de-travail/article/la-rupture-conventionnelle-collective#Comment-la-rupture-conventionnelle-collective-est-elle-mise-en-oeuvre-nbsp","https://travail-emploi.gouv.fr/droit-du-travail/la-rupture-du-contrat-de-travail/article/la-rupture-conventionnelle-collective#Comment-est-mise-en-place-la-rupture-conventionnelle-collective-nbsp","https://travail-emploi.gouv.fr/droit-du-travail/la-rupture-du-contrat-de-travail/article/la-rupture-conventionnelle-collective#L-accord-de-rupture-conventionnelle-collective-peut-il-etre-conteste-nbsp","https://www.service-public.fr/particuliers/vosdroits/F19030","https://travail-emploi.gouv.fr/droit-du-travail/la-rupture-du-contrat-de-travail/article/la-rupture-conventionnelle-collective#Quel-est-le-suivi-de-mise-en-oeuvre-de-l-accord-de-rupture-conventionnelle-nbsp","https://travail-emploi.gouv.fr/droit-du-travail/la-rupture-du-contrat-de-travail/article/la-rupture-conventionnelle-du-contrat-de-travail-a-duree-indeterminee#En-quoi-consiste-la-rupture-conventionnelle","https://www.service-public.fr/professionnels-entreprises/vosdroits/F23261","https://www.legifrance.gouv.fr/affichCodeArticle.do?idArticle=LEGIARTI000035623974&cidTexte=LEGITEXT000006072050","https://www.legifrance.gouv.fr/affichCodeArticle.do?idArticle=LEGIARTI000035623986&cidTexte=LEGITEXT000006072050","https://travail-emploi.gouv.fr/droit-du-travail/la-rupture-du-contrat-de-travail/article/la-rupture-conventionnelle-du-contrat-de-travail-a-duree-indeterminee#Quelles-sont-les-indemnites-dues-au-salarie","https://www.legifrance.gouv.fr/affichCodeArticle.do?idArticle=LEGIARTI000035623990&cidTexte=LEGITEXT000006072050","https://www.legifrance.gouv.fr/affichCodeArticle.do?idArticle=LEGIARTI000035623936&cidTexte=LEGITEXT000006072050","https://www.legifrance.gouv.fr/affichCodeArticle.do?idArticle=LEGIARTI000036248524&cidTexte=LEGITEXT000006072050","https://www.legifrance.gouv.fr/affichCodeArticle.do?idArticle=LEGIARTI000036439615&cidTexte=LEGITEXT000006072050","https://travail-emploi.gouv.fr/droit-du-travail/le-particulier-employeur/article/les-droits-et-obligations-des-salaries-du-particulier-employeur#Beneficier-d-un-certain-nombre-de-garanties-en-cas-de-rupture-du-contrat-de-nbsp","https://www.service-public.fr/particuliers/vosdroits/F408","https://travail-emploi.gouv.fr/droit-du-travail/les-conges-payes-et-les-conges-pour-projets-pro-et-perso/article/le-compte-epargne-temps-cet#Quelle-est-la-situation-en-cas-de-rupture-du-contrat-de-travail-nbsp","https://travail-emploi.gouv.fr/droit-du-travail/le-reglement-des-conflits-individuels-et-collectifs/article/le-conseil-de-prud-hommes#Comment-se-deroule-une-procedure","https://www.legifrance.gouv.fr/affichCodeArticle.do?idArticle=LEGIARTI000036439607&cidTexte=LEGITEXT000006072050","https://travail-emploi.gouv.fr/dialogue-social/le-comite-social-et-economique/article/la-protection-en-cas-de-licenciement#Quels-sont-les-salaries-proteges",0,0.19999999999999996,0.19999999999999996
"Defaultl","auto entrepreneur","https://www.service-public.fr/professionnels-entreprises/vosdroits/F23264","","","","","0/1","","","","","","https://www.service-public.fr/particuliers/vosdroits/F843","https://travail-emploi.gouv.fr/emploi/creation-ou-reprise-d-activite/article/cumul-des-revenus-en-cas-de-creation-ou-de-reprise-d-entreprise#Quels-sont-les-dispositifs-pour-les-beneficiaires-de-l-allocation-assurance-nbsp","https://www.service-public.fr/particuliers/vosdroits/F32457","https://www.service-public.fr/particuliers/vosdroits/F1648","https://www.service-public.fr/particuliers/vosdroits/F18075","https://travail-emploi.gouv.fr/sante-au-travail/prevention-des-risques-pour-la-sante-au-travail/autres-dangers-et-risques/article/risques-chimiques-reach#Sources-reglementaires","https://travail-emploi.gouv.fr/sante-au-travail/prevention-des-risques-pour-la-sante-au-travail/autres-dangers-et-risques/article/risques-chimiques-reach#Donnees-generales","https://travail-emploi.gouv.fr/sante-au-travail/prevention-des-risques-pour-la-sante-au-travail/autres-dangers-et-risques/article/risques-chimiques-reach#Pour-en-savoir-plus","https://www.service-public.fr/particuliers/vosdroits/F12415","https://www.service-public.fr/particuliers/vosdroits/F20367","https://www.service-public.fr/particuliers/vosdroits/F33835","https://www.service-public.fr/particuliers/vosdroits/F13893","https://travail-emploi.gouv.fr/archives/archives-courantes/article/5-questions-reponses-sur-les-stages-en-entreprise#Question-3-Avez-vous-droit-a-des-jours-de-conge","https://travail-emploi.gouv.fr/archives/archives-courantes/article/5-questions-reponses-sur-les-stages-en-entreprise#Question-1-Que-doit-prevoir-votre-convention-de-stage","https://www.service-public.fr/particuliers/vosdroits/F2857","https://travail-emploi.gouv.fr/emploi/mesures-jeunes/article/les-stages-etudiants-en-milieu-professionnel#Quel-est-le-statut-du-stagiaire-dans-l-entreprise-d-accueil-nbsp","https://www.service-public.fr/particuliers/vosdroits/F2941","faq/comment-doit-etre-traite-le-refus-dun-salarie-protege-de-se-voir-appliquer-un-apc-le-licenciement-doit-il-faire-lobjet-dune-autorisation-de-linspection-du-travail","https://www.service-public.fr/particuliers/vosdroits/F2344","https://www.legifrance.gouv.fr/affichCodeArticle.do?idArticle=LEGIARTI000025588601&cidTexte=LEGITEXT000006072050",0,0,0
"Defaultl","lettre de demission","http://travail-emploi.gouv.fr/droit-du-travail/rupture-de-contrats/demission/article/la-demission#Comment-presenter-une-demission","https://www.service-public.fr/particuliers/vosdroits/F2883","https://www.service-public.fr/particuliers/vosdroits/F31209","","","1/3","",1,"","","","https://www.service-public.fr/particuliers/vosdroits/F2883","https://www.service-public.fr/particuliers/vosdroits/F33164","https://travail-emploi.gouv.fr/droit-du-travail/la-rupture-du-contrat-de-travail/article/la-demission#Comment-presenter-une-demission","https://travail-emploi.gouv.fr/droit-du-travail/la-rupture-du-contrat-de-travail/article/la-demission#L-absence-prolongee-du-salarie-est-elle-une-demission","https://www.service-public.fr/particuliers/vosdroits/F32431","https://www.service-public.fr/particuliers/vosdroits/F131","https://www.service-public.fr/particuliers/vosdroits/F513","https://travail-emploi.gouv.fr/droit-du-travail/la-rupture-du-contrat-de-travail/article/la-demission#Faut-il-respecter-un-preavis","https://www.service-public.fr/particuliers/vosdroits/F89","https://travail-emploi.gouv.fr/droit-du-travail/la-rupture-du-contrat-de-travail/article/la-demission#Quelle-est-la-situation-du-salarie-a-la-fin-du-contrat","https://travail-emploi.gouv.fr/droit-du-travail/la-rupture-du-contrat-de-travail/article/la-demission#Le-salarie-peut-il-dans-le-cadre-d-un-contrat-a-duree-determinee-nbsp","faq/dans-les-hcr-quel-est-le-preavis-de-demission","faq/joccupe-un-poste-de-vendeuse-en-boulangerie-patisserie-et-je-viens-de-poser-ma-demission-quelles-sont-les-consequences-dun-arret-maladie-pendant-la-periode-de-preavis-est-ce-que-je-peux-etre-sanctionnee-en-cas-darret-de-travail","https://www.service-public.fr/particuliers/vosdroits/F1730","https://www.service-public.fr/particuliers/vosdroits/F12598","https://www.legifrance.gouv.fr/affichCodeArticle.do?idArticle=LEGIARTI000018537778&cidTexte=LEGITEXT000006072050","https://travail-emploi.gouv.fr/droit-du-travail/la-rupture-du-contrat-de-travail/article/le-droit-aux-allocations-chomage-du-salarie-demissionnaire#Quelles-sont-les-demissions-considerees-comme-legitimes","themes/quel-preavis-dois-je-respecter-en-cas-de-demission","https://www.service-public.fr/particuliers/vosdroits/F19693","https://www.legifrance.gouv.fr/affichCodeArticle.do?idArticle=LEGIARTI000033232120&cidTexte=LEGITEXT000006072050",0,0.3,0.3
"Defaultl","inspection du travail","http://travail-emploi.gouv.fr/droit-du-travail/litiges-individuels-et-conflits-collectifs/article/l-inspection-du-travail#Quels-sont-les-droits-et-obligations-des-agents-de-l-inspection-du-travail-nbsp","","","","","0/1","","","","","","https://travail-emploi.gouv.fr/droit-du-travail/le-reglement-des-conflits-individuels-et-collectifs/article/l-inspection-du-travail#Quels-sont-les-droits-et-obligations-des-agents-de-l-inspection-du-travail-nbsp","https://travail-emploi.gouv.fr/droit-du-travail/le-reglement-des-conflits-individuels-et-collectifs/article/l-inspection-du-travail#Quelles-sont-les-missions","https://travail-emploi.gouv.fr/droit-du-travail/le-reglement-des-conflits-individuels-et-collectifs/article/l-inspection-du-travail#Quels-sont-les-moyens-d-action","themes/prudhommes-inspection-du-travail-procedures","faq/comment-doit-etre-traite-le-refus-dun-salarie-protege-de-se-voir-appliquer-un-apc-le-licenciement-doit-il-faire-lobjet-dune-autorisation-de-linspection-du-travail","https://www.service-public.fr/particuliers/vosdroits/F74","https://travail-emploi.gouv.fr/droit-du-travail/temps-de-travail/article/la-duree-legale-du-travail#Quelles-sont-les-durees-maximales-de-travail","https://travail-emploi.gouv.fr/droit-du-travail/temps-de-travail/article/amenagement-du-temps-de-travail#Quelles-sont-les-obligations-d-information-de-l-employeur","https://www.service-public.fr/particuliers/vosdroits/F107","https://travail-emploi.gouv.fr/droit-du-travail/temps-de-travail/article/la-duree-legale-du-travail#Quels-sont-les-temps-de-travail-comptabilises-dans-la-duree-legale-nbsp","https://www.service-public.fr/particuliers/vosdroits/F1911","https://travail-emploi.gouv.fr/sante-au-travail/statut-des-travailleurs-et-dispositions-particulieres/article/l-interdiction-de-fumer-dans-les-lieux-de-travail#Quelle-sont-les-sanctions","https://www.service-public.fr/professionnels-entreprises/vosdroits/F23261","https://travail-emploi.gouv.fr/droit-du-travail/les-contrats-de-travail/article/le-contrat-a-duree-determinee-cdd#Dans-quels-cas-l-employeur-encourt-il-des-sanctions-penales-nbsp","https://www.legifrance.gouv.fr/affichCodeArticle.do?idArticle=LEGIARTI000028753733&cidTexte=LEGITEXT000006072050","https://www.legifrance.gouv.fr/affichCodeArticle.do?idArticle=LEGIARTI000032227699&cidTexte=LEGITEXT000006072050","https://www.service-public.fr/particuliers/vosdroits/F2210","https://www.legifrance.gouv.fr/affichCodeArticle.do?idArticle=LEGIARTI000034422994&cidTexte=LEGITEXT000006072050","https://www.legifrance.gouv.fr/affichCodeArticle.do?idArticle=LEGIARTI000034422946&cidTexte=LEGITEXT000006072050","https://www.legifrance.gouv.fr/affichCodeArticle.do?idArticle=LEGIARTI000034424111&cidTexte=LEGITEXT000006072050",0,0,0
"Defaultl","cheque vacances","https://www.legifrance.gouv.fr/affichCodeArticle.do?idArticle=LEGIARTI000006902951&cidTexte=LEGITEXT000006072050","","","","","1/1",7,"","","","","idcc/5578","https://travail-emploi.gouv.fr/droit-du-travail/les-contrats-de-travail/article/le-cheque-emploi-service-universel-cesu-declaratif#Quels-avantages-pour-le-salarie","https://travail-emploi.gouv.fr/droit-du-travail/les-contrats-de-travail/article/le-cheque-emploi-service-universel-cesu-declaratif#Comment-adherer-au-CESU-et-l-utiliser","https://travail-emploi.gouv.fr/droit-du-travail/les-contrats-de-travail/article/le-cheque-emploi-service-universel-cesu-prefinance#Que-peut-on-payer-avec-le-CESU","https://travail-emploi.gouv.fr/droit-du-travail/les-contrats-de-travail/article/le-cheque-emploi-service-universel-cesu-declaratif#Quels-sont-les-avantages-pour-le-particulier-employeur","https://www.service-public.fr/particuliers/vosdroits/F2912","https://www.legifrance.gouv.fr/affichCodeArticle.do?idArticle=LEGIARTI000006902951&cidTexte=LEGITEXT000006072050","https://www.legifrance.gouv.fr/affichCodeArticle.do?idArticle=LEGIARTI000006903181&cidTexte=LEGITEXT000006072050","https://www.legifrance.gouv.fr/affichCodeArticle.do?idArticle=LEGIARTI000018536701&cidTexte=LEGITEXT000006072050","https://www.legifrance.gouv.fr/affichCodeArticle.do?idArticle=LEGIARTI000018533284&cidTexte=LEGITEXT000006072050","https://www.service-public.fr/particuliers/vosdroits/F2243","https://www.legifrance.gouv.fr/affichCodeArticle.do?idArticle=LEGIARTI000006904651&cidTexte=LEGITEXT000006072050","https://www.service-public.fr/particuliers/vosdroits/F13851","https://www.legifrance.gouv.fr/affichCodeArticle.do?idArticle=LEGIARTI000006904667&cidTexte=LEGITEXT000006072050","https://www.service-public.fr/particuliers/vosdroits/F142","https://www.service-public.fr/particuliers/vosdroits/F3030","https://www.service-public.fr/particuliers/vosdroits/F543","https://www.service-public.fr/particuliers/vosdroits/F12344","https://www.service-public.fr/particuliers/vosdroits/F1599","https://www.service-public.fr/particuliers/vosdroits/F3042",0,0.3999999999999999,0.3999999999999999
"Defaultl","contrat de professionnalisation","https://www.service-public.fr/particuliers/vosdroits/F15478","https://www.service-public.fr/particuliers/vosdroits/F31704","http://travail-emploi.gouv.fr/formation-professionnelle/se-former-en-alternance/le-contrat-de-professionnalisation/article/le-contrat-de-professionnalisation#Quels-contrats-et-conditions-de-travail-du-contrat-de-professionnalisation-nbsp","http://travail-emploi.gouv.fr/formation-professionnelle/se-former-en-alternance/le-contrat-de-professionnalisation/article/le-contrat-de-professionnalisation#Quelles-demarches-pour-formaliser-un-contrat-de-professionnalisation-nbsp","http://travail-emploi.gouv.fr/formation-professionnelle/se-former-en-alternance/le-contrat-de-professionnalisation/article/le-contrat-de-professionnalisation#Un-contrat-de-professionnalisation-pour-qui","2/5",3,13,"","","","https://travail-emploi.gouv.fr/formation-professionnelle/se-former-en-alternance/le-contrat-de-professionnalisation/article/le-contrat-de-professionnalisation#Un-contrat-de-professionnalisation-pour-qui","https://travail-emploi.gouv.fr/actualites/l-actualite-du-ministere/article/5-questions-reponses-sur-le-contrat-pro#Question-5-Comment-trouver-un-contrat-Pro","https://www.service-public.fr/particuliers/vosdroits/F15478","https://travail-emploi.gouv.fr/formation-professionnelle/se-former-en-alternance/le-contrat-de-professionnalisation/article/le-contrat-de-professionnalisation#Quelles-demarches-pour-formaliser-un-contrat-de-professionnalisation-nbsp","https://travail-emploi.gouv.fr/formation-professionnelle/se-former-en-alternance/le-contrat-de-professionnalisation/article/le-contrat-de-professionnalisation#Quels-contrats-et-conditions-de-travail-du-contrat-de-professionnalisation-nbsp","https://travail-emploi.gouv.fr/formation-professionnelle/se-former-en-alternance/le-contrat-de-professionnalisation/article/le-contrat-de-professionnalisation#Quelles-sont-les-obligations-respectives-des-parties-au-contrat-de-nbsp","https://travail-emploi.gouv.fr/actualites/l-actualite-du-ministere/article/5-questions-reponses-sur-le-contrat-pro#Question-4-Quelle-remuneration","https://travail-emploi.gouv.fr/formation-professionnelle/se-former-en-alternance/le-contrat-de-professionnalisation/article/le-contrat-de-professionnalisation#Remuneration","https://travail-emploi.gouv.fr/actualites/l-actualite-du-ministere/article/5-questions-reponses-sur-le-contrat-pro#Question-2-Quelle-est-la-duree-du-contrat","https://travail-emploi.gouv.fr/formation-professionnelle/se-former-en-alternance/le-contrat-de-professionnalisation/article/le-contrat-de-professionnalisation#Quelles-sont-les-modalites-de-rupture-du-contrat-de-professionnalisation-et-nbsp","https://travail-emploi.gouv.fr/formation-professionnelle/se-former-en-alternance/le-contrat-de-professionnalisation/article/le-contrat-de-professionnalisation#Quelles-sont-les-aides-a-l-embauche-en-contrat-de-professionnalisation-nbsp","https://travail-emploi.gouv.fr/actualites/l-actualite-du-ministere/article/5-questions-reponses-sur-le-contrat-pro#Question-1-Jusqu-a-quel-age-Pour-quelle-qualification","https://www.service-public.fr/particuliers/vosdroits/F31704","https://www.service-public.fr/particuliers/vosdroits/F34153","https://travail-emploi.gouv.fr/actualites/l-actualite-du-ministere/article/5-questions-reponses-sur-le-contrat-pro#Question-3-Comment-s-organise-la-formation","https://travail-emploi.gouv.fr/emploi/mesures-seniors/article/l-aide-a-l-embauche-d-un-demandeur-d-emploi-de-45-ans-et-plus-en-contrat-de#Quelles-sont-les-formalites-a-accomplir","https://travail-emploi.gouv.fr/emploi/mesures-seniors/article/l-aide-a-l-embauche-d-un-demandeur-d-emploi-de-45-ans-et-plus-en-contrat-de#Quelles-sont-les-conditions-a-remplir","https://travail-emploi.gouv.fr/emploi/mesures-seniors/article/l-aide-a-l-embauche-d-un-demandeur-d-emploi-de-45-ans-et-plus-en-contrat-de#Quel-est-le-montant-de-l-aide-et-quelle-sont-ses-modalites-de-versement-nbsp","https://travail-emploi.gouv.fr/droit-du-travail/la-vie-du-contrat-de-travail/article/contrat-de-travail-les-principales-caracteristiques#Le-contrat-doit-il-etre-ecrit","https://www.service-public.fr/particuliers/vosdroits/F15635",0,0.13999999999999999,0.13999999999999999
"Defaultl","CDI","https://travail-emploi.gouv.fr/droit-du-travail/les-contrats-de-travail/article/le-contrat-de-travail-a-duree-indeterminee-cdi#Quel-est-le-contenu-du-CDI","","","","","1/1",3,"","","","","https://www.service-public.fr/particuliers/vosdroits/F1906","https://www.service-public.fr/particuliers/vosdroits/F10033","https://travail-emploi.gouv.fr/droit-du-travail/les-contrats-de-travail/article/le-contrat-de-travail-a-duree-indeterminee-cdi#Quel-est-le-contenu-du-CDI","https://www.service-public.fr/particuliers/vosdroits/F34572","https://travail-emploi.gouv.fr/droit-du-travail/les-contrats-de-travail/article/le-contrat-a-duree-indeterminee-de-chantier-ou-d-operation#CDI-de-chantier-ou-d-operation-comment-est-il-rompu","https://travail-emploi.gouv.fr/droit-du-travail/les-contrats-de-travail/article/le-contrat-de-travail-a-duree-indeterminee-cdi#Dans-quels-cas-un-CDI-doit-il-etre-conclu","https://www.service-public.fr/professionnels-entreprises/vosdroits/F23261","https://travail-emploi.gouv.fr/droit-du-travail/les-contrats-de-travail/article/le-contrat-a-duree-determinee-cdd#Dans-quels-cas-le-contrat-a-duree-determinee-peut-il-etre-requalifie-en-nbsp","https://travail-emploi.gouv.fr/droit-du-travail/les-contrats-de-travail/article/le-contrat-de-travail-a-duree-indeterminee-cdi#Comment-le-CDI-peut-il-prendre-fin","https://travail-emploi.gouv.fr/droit-du-travail/les-contrats-de-travail/article/le-contrat-de-travail-a-duree-indeterminee-cdi#Quelle-forme-doit-revetir-le-CDI","https://www.service-public.fr/particuliers/vosdroits/F36","https://travail-emploi.gouv.fr/droit-du-travail/les-contrats-de-travail/article/le-contrat-a-duree-indeterminee-de-chantier-ou-d-operation#Quelle-entreprise-peut-recourir-au-CDI-de-chantier-ou-d-operation-nbsp","https://www.service-public.fr/particuliers/vosdroits/F38","https://travail-emploi.gouv.fr/droit-du-travail/les-contrats-de-travail/article/le-contrat-a-duree-determinee-cdd#L-embauche-sous-contrat-a-duree-determinee","https://www.service-public.fr/particuliers/vosdroits/F40","https://travail-emploi.gouv.fr/droit-du-travail/les-contrats-de-travail/article/le-contrat-a-duree-indeterminee-de-chantier-ou-d-operation#Qu-est-ce-qu-un-contrat-de-chantier-ou-d-operation","https://travail-emploi.gouv.fr/droit-du-travail/la-rupture-du-contrat-de-travail/article/la-rupture-conventionnelle-du-contrat-de-travail-a-duree-indeterminee#Quelles-sont-les-indemnites-dues-au-salarie","https://travail-emploi.gouv.fr/droit-du-travail/la-rupture-du-contrat-de-travail/article/la-rupture-conventionnelle-du-contrat-de-travail-a-duree-indeterminee#En-quoi-consiste-la-rupture-conventionnelle","https://www.service-public.fr/particuliers/vosdroits/F41","https://travail-emploi.gouv.fr/droit-du-travail/la-rupture-du-contrat-de-travail/article/la-rupture-conventionnelle-du-contrat-de-travail-a-duree-indeterminee#Quel-est-le-contenu-de-la-convention",0,0.8,0.8
"Defaultl","dpae","http://travail-emploi.gouv.fr/droit-du-travail/contrats-et-carriere/article/les-obligations-de-l-employeur-lors-de-l-embauche#Qu-est-ce-que-la-declaration-prealable-a-l-embauche","https://codedutravail-dev.num.social.gouv.fr/fiche-ministere-travail/les-obligations-de-lemployeur-lors-de-lembauche-quels-sont-les-documents-a-remettre-au-salarie?q=dpae&search=0#Quels-sont-les-documents-a-remettre-au-salarie","","","","0/2","","","","","","https://travail-emploi.gouv.fr/droit-du-travail/la-vie-du-contrat-de-travail/article/les-obligations-de-l-employeur-lors-de-l-embauche#Qu-est-ce-que-la-declaration-prealable-a-l-embauche","https://travail-emploi.gouv.fr/droit-du-travail/la-vie-du-contrat-de-travail/article/les-obligations-de-l-employeur-lors-de-l-embauche#Quels-sont-les-documents-a-remettre-au-salarie","https://www.legifrance.gouv.fr/affichCodeArticle.do?idArticle=LEGIARTI000024214367&cidTexte=LEGITEXT000006072050","https://travail-emploi.gouv.fr/droit-du-travail/les-contrats-de-travail/article/le-contrat-vendanges#Quels-salaries","faq/je-souhaite-embaucher-des-salaries-pour-la-saison-quelles-sont-les-formalites-dembauche-a-accomplir","https://www.legifrance.gouv.fr/affichCodeArticle.do?idArticle=LEGIARTI000024214305&cidTexte=LEGITEXT000006072050","https://www.legifrance.gouv.fr/affichCodeArticle.do?idArticle=LEGIARTI000024214323&cidTexte=LEGITEXT000006072050","https://www.legifrance.gouv.fr/affichCodeArticle.do?idArticle=LEGIARTI000018537748&cidTexte=LEGITEXT000006072050","https://www.legifrance.gouv.fr/affichCodeArticle.do?idArticle=LEGIARTI000024214309&cidTexte=LEGITEXT000006072050","https://www.service-public.fr/particuliers/vosdroits/F15635","https://www.legifrance.gouv.fr/affichCodeArticle.do?idArticle=LEGIARTI000024214298&cidTexte=LEGITEXT000006072050","https://www.legifrance.gouv.fr/affichCodeArticle.do?idArticle=LEGIARTI000033769241&cidTexte=LEGITEXT000006072050","https://www.legifrance.gouv.fr/affichCodeArticle.do?idArticle=LEGIARTI000024214315&cidTexte=LEGITEXT000006072050","https://www.legifrance.gouv.fr/affichCodeArticle.do?idArticle=LEGIARTI000035492419&cidTexte=LEGITEXT000006072050","https://www.legifrance.gouv.fr/affichCodeArticle.do?idArticle=LEGIARTI000006900850&cidTexte=LEGITEXT000006072050","https://www.legifrance.gouv.fr/affichCodeArticle.do?idArticle=LEGIARTI000035492397&cidTexte=LEGITEXT000006072050","https://www.legifrance.gouv.fr/affichCodeArticle.do?idArticle=LEGIARTI000024214318&cidTexte=LEGITEXT000006072050","https://www.legifrance.gouv.fr/affichCodeArticle.do?idArticle=LEGIARTI000006900857&cidTexte=LEGITEXT000006072050","https://www.legifrance.gouv.fr/affichCodeArticle.do?idArticle=LEGIARTI000029776119&cidTexte=LEGITEXT000006072050","https://www.legifrance.gouv.fr/affichCodeArticle.do?idArticle=LEGIARTI000029134104&cidTexte=LEGITEXT000006072050",0,0,0
"Defaultl","cpf","https://www.service-public.fr/particuliers/vosdroits/F10705","","","","","1/1",1,"","","","","https://www.service-public.fr/particuliers/vosdroits/F10705","https://www.service-public.fr/particuliers/vosdroits/F12382","https://www.service-public.fr/particuliers/vosdroits/F18090","https://www.service-public.fr/particuliers/vosdroits/F3040","https://www.service-public.fr/particuliers/vosdroits/F3080","https://www.service-public.fr/particuliers/vosdroits/F34029","https://travail-emploi.gouv.fr/archives/archives-courantes/article/5-questions-reponses-sur-le-compte-personnel-d-activite#t1-Le-compte-personnel-d-activite-c-est-quoi","https://www.service-public.fr/particuliers/vosdroits/F31038","https://www.service-public.fr/particuliers/vosdroits/F3013","https://travail-emploi.gouv.fr/archives/archives-courantes/article/5-questions-reponses-sur-le-compte-personnel-d-activite#t2-Le-compte-personnel-d-activite-pour-qui","https://www.service-public.fr/particuliers/vosdroits/F34030","https://travail-emploi.gouv.fr/archives/archives-courantes/article/5-questions-reponses-sur-le-compte-personnel-d-activite#t4-Le-compte-personnel-d-activite-comment-ca-marche","https://travail-emploi.gouv.fr/archives/archives-courantes/article/5-questions-reponses-sur-le-compte-personnel-d-activite#t5-Le-compte-personnel-d-activite-quels-services-en-ligne-nbsp","https://www.service-public.fr/particuliers/vosdroits/F3063","https://www.service-public.fr/particuliers/vosdroits/F3021","https://www.legifrance.gouv.fr/affichCodeArticle.do?idArticle=LEGIARTI000034629405&cidTexte=LEGITEXT000006072050","https://www.service-public.fr/particuliers/vosdroits/F32471","https://www.legifrance.gouv.fr/affichCodeArticle.do?idArticle=LEGIARTI000036437060&cidTexte=LEGITEXT000006072050","https://www.service-public.fr/particuliers/vosdroits/F31878","https://www.service-public.fr/particuliers/vosdroits/F14039",1,1,0
"Defaultl","sylae","https://sylae.asp-public.fr/sylae/","","","","","0/1","","","","","","https://travail-emploi.gouv.fr/emploi/parcours-emploi-competences/cui-cie#Quelles-aides-pour-l-employeur","https://travail-emploi.gouv.fr/emploi/parcours-emploi-competences/cui-cae#Quelles-aides-pour-l-employeur","https://travail-emploi.gouv.fr/emploi/mesures-jeunes/article/les-emplois-d-avenir#Quelle-est-la-procedure-pour-recruter-en-emploi-d-avenir","https://travail-emploi.gouv.fr/emploi/mesures-jeunes/article/les-emplois-d-avenir#Quelle-aide-financiere-pour-le-recrutement-en-emploi-d-avenir-nbsp","https://www.legifrance.gouv.fr/affichCodeArticle.do?idArticle=LEGIARTI000030436721&cidTexte=LEGITEXT000006072050","https://travail-emploi.gouv.fr/droit-du-travail/la-rupture-du-contrat-de-travail/article/le-conseiller-du-salarie#Comment-se-faire-assister-par-un-conseiller-du-salarie","https://www.legifrance.gouv.fr/affichCodeArticle.do?idArticle=LEGIARTI000033510646&cidTexte=LEGITEXT000006072050","https://travail-emploi.gouv.fr/droit-du-travail/les-absences-pour-maladie-et-conges-pour-evenements-familiaux/article/l-indemnisation-legale-des-absences-pour-maladie-ou-accident#Quels-salaries-ont-droit-a-cette-indemnisation-complementaire-nbsp","https://www.legifrance.gouv.fr/affichCodeArticle.do?idArticle=LEGIARTI000036412642&cidTexte=LEGITEXT000006072050","https://www.service-public.fr/particuliers/vosdroits/F31586","https://travail-emploi.gouv.fr/droit-du-travail/la-rupture-du-contrat-de-travail/article/le-conseiller-du-salarie#Qui-peut-etre-conseiller-du-salarie","https://www.legifrance.gouv.fr/affichCodeArticle.do?idArticle=LEGIARTI000033509590&cidTexte=LEGITEXT000006072050","https://www.legifrance.gouv.fr/affichCodeArticle.do?idArticle=LEGIARTI000033444399&cidTexte=LEGITEXT000006072050","https://www.legifrance.gouv.fr/affichCodeArticle.do?idArticle=LEGIARTI000033444730&cidTexte=LEGITEXT000006072050","https://www.service-public.fr/particuliers/vosdroits/F2339","https://www.legifrance.gouv.fr/affichCodeArticle.do?idArticle=LEGIARTI000030436635&cidTexte=LEGITEXT000006072050","https://travail-emploi.gouv.fr/droit-du-travail/la-remuneration/article/la-garantie-en-cas-de-sauvegarde-de-redressement-ou-de-liquidation-judiciaire#Quel-est-le-role-du-representant-des-salaries","https://www.legifrance.gouv.fr/affichCodeArticle.do?idArticle=LEGIARTI000033024514&cidTexte=LEGITEXT000006072050","https://www.legifrance.gouv.fr/affichCodeArticle.do?idArticle=LEGIARTI000019071185&cidTexte=LEGITEXT000006072050","https://www.service-public.fr/particuliers/vosdroits/F1694",0,0,0
"Defaultl","cfe","https://www.cfe.urssaf.fr/saisiepl/","","","","","0/1","","","","","","https://www.legifrance.gouv.fr/affichCodeArticle.do?idArticle=LEGIARTI000035423558&cidTexte=LEGITEXT000006072050","https://www.legifrance.gouv.fr/affichCodeArticle.do?idArticle=LEGIARTI000018535563&cidTexte=LEGITEXT000006072050","https://travail-emploi.gouv.fr/emploi/creation-ou-reprise-d-activite/article/aide-aux-chomeurs-createurs-ou-repreneurs-d-une-entreprise-accre#Quelles-sont-les-formalites-a-remplir-pour-beneficier-de-l-ACCRE-nbsp","https://www.legifrance.gouv.fr/affichCodeArticle.do?idArticle=LEGIARTI000033696041&cidTexte=LEGITEXT000006072050","https://www.legifrance.gouv.fr/affichCodeArticle.do?idArticle=LEGIARTI000033696113&cidTexte=LEGITEXT000006072050","https://www.service-public.fr/particuliers/vosdroits/F34071","https://www.legifrance.gouv.fr/affichCodeArticle.do?idArticle=LEGIARTI000033695835&cidTexte=LEGITEXT000006072050","https://www.legifrance.gouv.fr/affichCodeArticle.do?idArticle=LEGIARTI000033699103&cidTexte=LEGITEXT000006072050","https://www.legifrance.gouv.fr/affichCodeArticle.do?idArticle=LEGIARTI000033417422&cidTexte=LEGITEXT000006072050","https://www.legifrance.gouv.fr/affichCodeArticle.do?idArticle=LEGIARTI000036242109&cidTexte=LEGITEXT000006072050","https://www.legifrance.gouv.fr/affichCodeArticle.do?idArticle=LEGIARTI000033699148&cidTexte=LEGITEXT000006072050","https://www.legifrance.gouv.fr/affichCodeArticle.do?idArticle=LEGIARTI000030975598&cidTexte=LEGITEXT000006072050","https://www.legifrance.gouv.fr/affichCodeArticle.do?idArticle=LEGIARTI000031250736&cidTexte=LEGITEXT000006072050","https://www.service-public.fr/professionnels-entreprises/vosdroits/F33841","https://www.service-public.fr/professionnels-entreprises/vosdroits/F31406","","","","","",0,0,0
"Defaultl","chsct","https://www.service-public.fr/particuliers/vosdroits/F32085","","","","","1/1",2,"","","","","https://www.service-public.fr/particuliers/vosdroits/F2355","https://www.service-public.fr/particuliers/vosdroits/F32085","https://travail-emploi.gouv.fr/sante-au-travail/les-acteurs-et-interlocuteurs-de-la-sante-au-travail/comite-d-hygiene-de-securite-et-des-conditions-de-travail/qu-est-ce-qu-un-chsct/article/le-comite-d-hygiene-de-securite-et-des-conditions-de-travail-chsct#Quel-est-le-role-du-CHSCT","https://travail-emploi.gouv.fr/sante-au-travail/les-acteurs-et-interlocuteurs-de-la-sante-au-travail/comite-d-hygiene-de-securite-et-des-conditions-de-travail/qu-est-ce-qu-un-chsct/article/le-comite-d-hygiene-de-securite-et-des-conditions-de-travail-chsct#La-mise-en-place-des-CHSCT","https://www.service-public.fr/particuliers/vosdroits/F2349","https://travail-emploi.gouv.fr/sante-au-travail/les-acteurs-et-interlocuteurs-de-la-sante-au-travail/comite-d-hygiene-de-securite-et-des-conditions-de-travail/qu-est-ce-qu-un-chsct/article/exemples-d-agissements-ou-d-omissions-constitutifs-du-delit-d-entrave#Sur-le-fonctionnement-du-CHSCT-a-travers-ses-membres","https://travail-emploi.gouv.fr/sante-au-travail/les-acteurs-et-interlocuteurs-de-la-sante-au-travail/comite-d-hygiene-de-securite-et-des-conditions-de-travail/qu-est-ce-qu-un-chsct/article/exemples-d-agissements-ou-d-omissions-constitutifs-du-delit-d-entrave#Sur-la-constitution-d-un-CHSCT","https://travail-emploi.gouv.fr/sante-au-travail/les-acteurs-et-interlocuteurs-de-la-sante-au-travail/comite-d-hygiene-de-securite-et-des-conditions-de-travail/qu-est-ce-qu-un-chsct/article/exemples-d-agissements-ou-d-omissions-constitutifs-du-delit-d-entrave#Sur-le-fonctionnement-du-CHSCT","https://www.service-public.fr/particuliers/vosdroits/F18797","https://travail-emploi.gouv.fr/sante-au-travail/les-acteurs-et-interlocuteurs-de-la-sante-au-travail/comite-d-hygiene-de-securite-et-des-conditions-de-travail/qu-est-ce-qu-un-chsct/article/la-prevention-des-risques-dans-les-etablissements-a-haut-risque-industriel#Renforcer-les-prerogatives-du-CHSCT","https://travail-emploi.gouv.fr/sante-au-travail/les-acteurs-et-interlocuteurs-de-la-sante-au-travail/comite-d-hygiene-de-securite-et-des-conditions-de-travail/delegue-du-personnel/article/la-formation-des-delegues-du-personnel-en-sante-et-securite-au-travail#La-formation-des-delegues-du-personnel","https://travail-emploi.gouv.fr/sante-au-travail/les-acteurs-et-interlocuteurs-de-la-sante-au-travail/comite-d-hygiene-de-securite-et-des-conditions-de-travail/qu-est-ce-qu-un-chsct/article/le-recours-a-un-expert-externe#Les-conditions-de-designation-le-choix-de-l-expert-et-sa-remuneration","https://travail-emploi.gouv.fr/sante-au-travail/les-acteurs-et-interlocuteurs-de-la-sante-au-travail/comite-d-hygiene-de-securite-et-des-conditions-de-travail/qu-est-ce-qu-un-chsct/article/le-recours-a-un-expert-externe#La-mission-de-l-expert-sa-duree-et-les-conditions-de-sa-realisation","https://travail-emploi.gouv.fr/dialogue-social/le-comite-social-et-economique/article/les-delegues-du-personnel-missions-et-moyens-d-action#Dans-quels-cas-les-delegues-du-personnel-assument-ils-les-missions-des-nbsp","https://travail-emploi.gouv.fr/sante-au-travail/les-acteurs-et-interlocuteurs-de-la-sante-au-travail/comite-d-hygiene-de-securite-et-des-conditions-de-travail/qu-est-ce-qu-un-chsct/article/la-procedure-de-designation#Le-college-designatif","https://www.service-public.fr/particuliers/vosdroits/F34474","https://www.service-public.fr/particuliers/vosdroits/F33481","https://www.service-public.fr/particuliers/vosdroits/F1775","https://travail-emploi.gouv.fr/dialogue-social/le-comite-social-et-economique/article/la-delegation-unique-du-personnel-dup#Quelles-sont-les-attributions-de-la-DUP","https://www.service-public.fr/professionnels-entreprises/vosdroits/F23513",0,0.9,0.9
"Defaultl","vae","http://travail-emploi.gouv.fr/actualites/l-actualite-du-ministere/article/la-validation-des-acquis-de-l-experience-vae-expliquee#Question-1-VAE-a-quoi-ca-sert-et-pour-quelle-reconnaissance-nbsp","","","","","0/1","","","","","","https://travail-emploi.gouv.fr/actualites/l-actualite-du-ministere/article/la-validation-des-acquis-de-l-experience-vae-expliquee#Question-5-La-VAE-quel-financement-pour-la-VAE","https://travail-emploi.gouv.fr/actualites/l-actualite-du-ministere/article/la-validation-des-acquis-de-l-experience-vae-expliquee#Question-4-La-VAE-Le-conge-VAE-selon-quelle-modalite","https://travail-emploi.gouv.fr/actualites/l-actualite-du-ministere/article/la-validation-des-acquis-de-l-experience-vae-expliquee#Question-3-La-VAE-quelles-sont-les-etapes-d-une-demarche-de-VAE-nbsp","https://travail-emploi.gouv.fr/actualites/l-actualite-du-ministere/article/la-validation-des-acquis-de-l-experience-vae-expliquee#Question-2-La-VAE-qui-peut-en-beneficier","https://travail-emploi.gouv.fr/formation-professionnelle/evoluer-professionnellement/vae#Qui-peut-beneficier-de-la-VAE","https://travail-emploi.gouv.fr/formation-professionnelle/evoluer-professionnellement/vae#Quelle-certification-peut-on-obtenir-avec-la-VAE","https://travail-emploi.gouv.fr/formation-professionnelle/evoluer-professionnellement/vae#Qui-contacter","https://travail-emploi.gouv.fr/actualites/l-actualite-du-ministere/article/la-validation-des-acquis-de-l-experience-vae-expliquee#Question-1-VAE-a-quoi-ca-sert-et-pour-quelle-reconnaissance-nbsp","https://travail-emploi.gouv.fr/formation-professionnelle/evoluer-professionnellement/vae#Comment-monter-un-dossier-de-demande-de-VAE","https://travail-emploi.gouv.fr/formation-professionnelle/evoluer-professionnellement/vae#Comment-est-evaluee-une-demande-de-VAE","https://www.legifrance.gouv.fr/affichCodeArticle.do?idArticle=LEGIARTI000006904484&cidTexte=LEGITEXT000006072050","https://www.legifrance.gouv.fr/affichCodeArticle.do?idArticle=LEGIARTI000035124373&cidTexte=LEGITEXT000006072050","https://www.legifrance.gouv.fr/affichCodeArticle.do?idArticle=LEGIARTI000033024253&cidTexte=LEGITEXT000006072050","https://www.legifrance.gouv.fr/affichCodeArticle.do?idArticle=LEGIARTI000006904483&cidTexte=LEGITEXT000006072050","themes/formation","https://travail-emploi.gouv.fr/formation-professionnelle/evoluer-professionnellement/titres-professionnels-373014#Comment-acceder-a-un-titre-professionnel","https://www.legifrance.gouv.fr/affichCodeArticle.do?idArticle=LEGIARTI000035105608&cidTexte=LEGITEXT000006072050","https://www.legifrance.gouv.fr/affichCodeArticle.do?idArticle=LEGIARTI000033024271&cidTexte=LEGITEXT000006072050","https://www.legifrance.gouv.fr/affichCodeArticle.do?idArticle=LEGIARTI000035124393&cidTexte=LEGITEXT000006072050","https://www.legifrance.gouv.fr/affichCodeArticle.do?idArticle=LEGIARTI000035124361&cidTexte=LEGITEXT000006072050",0,0,0
"Defaultl","kbis","https://www.service-public.fr/professionnels-entreprises/vosdroits/F21000","","","","","0/1","","","","","","https://www.service-public.fr/particuliers/vosdroits/F32515","https://www.service-public.fr/particuliers/vosdroits/F468","https://www.service-public.fr/particuliers/vosdroits/F32511","https://www.legifrance.gouv.fr/affichCodeArticle.do?idArticle=LEGIARTI000018533180&cidTexte=LEGITEXT000006072050","https://www.legifrance.gouv.fr/affichCodeArticle.do?idArticle=LEGIARTI000035902503&cidTexte=LEGITEXT000006072050","https://www.service-public.fr/particuliers/vosdroits/F21423","https://travail-emploi.gouv.fr/sante-au-travail/prevention-des-risques-pour-la-sante-au-travail/autres-dangers-et-risques/article/peintures-a-l-eau#Sources-reglementaires","https://www.legifrance.gouv.fr/affichCodeArticle.do?idArticle=LEGIARTI000033013018&cidTexte=LEGITEXT000006072050","https://www.legifrance.gouv.fr/affichCodeArticle.do?idArticle=LEGIARTI000030776884&cidTexte=LEGITEXT000006072050","https://www.legifrance.gouv.fr/affichCodeArticle.do?idArticle=LEGIARTI000030957900&cidTexte=LEGITEXT000006072050","https://www.legifrance.gouv.fr/affichCodeArticle.do?idArticle=LEGIARTI000035902392&cidTexte=LEGITEXT000006072050","https://www.legifrance.gouv.fr/affichCodeArticle.do?idArticle=LEGIARTI000035652799&cidTexte=LEGITEXT000006072050","https://www.legifrance.gouv.fr/affichCodeArticle.do?idArticle=LEGIARTI000031086250&cidTexte=LEGITEXT000006072050","https://www.legifrance.gouv.fr/affichCodeArticle.do?idArticle=LEGIARTI000030751738&cidTexte=LEGITEXT000006072050","https://www.legifrance.gouv.fr/affichCodeArticle.do?idArticle=LEGIARTI000034424104&cidTexte=LEGITEXT000006072050","https://www.legifrance.gouv.fr/affichCodeArticle.do?idArticle=LEGIARTI000030751735&cidTexte=LEGITEXT000006072050","https://www.legifrance.gouv.fr/affichCodeArticle.do?idArticle=LEGIARTI000034423193&cidTexte=LEGITEXT000006072050","https://www.legifrance.gouv.fr/affichCodeArticle.do?idArticle=LEGIARTI000033386701&cidTexte=LEGITEXT000006072050","https://www.legifrance.gouv.fr/affichCodeArticle.do?idArticle=LEGIARTI000030751741&cidTexte=LEGITEXT000006072050","https://www.legifrance.gouv.fr/affichCodeArticle.do?idArticle=LEGIARTI000028976072&cidTexte=LEGITEXT000006072050",0,0,0
"Defaultl","abandon de poste","https://www.service-public.fr/particuliers/vosdroits/F31209","https://www.service-public.fr/particuliers/vosdroits/F2883","","","","2/2",2,6,"","","","themes/labandon-de-poste-est-il-une-demission","https://www.service-public.fr/particuliers/vosdroits/F31209","https://travail-emploi.gouv.fr/droit-du-travail/la-vie-du-contrat-de-travail/article/le-changement-de-la-situation-juridique-de-l-employeur#Quels-sont-les-effets-du-maintien-du-contrat-de-travail","https://www.service-public.fr/particuliers/vosdroits/F12803","https://www.service-public.fr/particuliers/vosdroits/F1137","https://www.service-public.fr/particuliers/vosdroits/F2883","https://travail-emploi.gouv.fr/emploi/parcours-emploi-competences/article/le-contrat-unique-d-insertion-cui-dispositions-generales#Quelles-sont-les-dispositions-applicables-au-titre-de-l-accompagnement-du-nbsp","https://www.service-public.fr/particuliers/vosdroits/F12386","https://www.service-public.fr/particuliers/vosdroits/F13322","","","","","","","","","","","",0,0.75,0.75
"Defaultl","cong√© parental","https://www.service-public.fr/particuliers/vosdroits/F2280","http://travail-emploi.gouv.fr/droit-du-travail/temps-de-travail-et-conges/maternite-paternite-et-adoption/article/le-conge-parental-d-education#Comment-prendre-le-conge-parental","","","","1/2",11,"","","","","https://travail-emploi.gouv.fr/droit-du-travail/les-absences-pour-maladie-et-conges-pour-evenements-familiaux/article/le-conge-parental-d-education#Quelle-est-la-duree-du-conge-parental","https://travail-emploi.gouv.fr/droit-du-travail/les-absences-pour-maladie-et-conges-pour-evenements-familiaux/article/le-conge-parental-d-education#Le-conge-parental-peut-il-etre-refuse","https://travail-emploi.gouv.fr/droit-du-travail/les-absences-pour-maladie-et-conges-pour-evenements-familiaux/article/le-conge-parental-d-education#Comment-prendre-le-conge-parental","https://travail-emploi.gouv.fr/droit-du-travail/les-absences-pour-maladie-et-conges-pour-evenements-familiaux/article/le-conge-parental-d-education#Quels-salaries","https://travail-emploi.gouv.fr/droit-du-travail/les-absences-pour-maladie-et-conges-pour-evenements-familiaux/article/le-conge-parental-d-education#Quelles-sont-les-formalites","https://travail-emploi.gouv.fr/droit-du-travail/les-absences-pour-maladie-et-conges-pour-evenements-familiaux/article/le-conge-parental-d-education#Est-il-possible-d-interrompre-ou-de-modifier-le-conge-parental-nbsp","https://travail-emploi.gouv.fr/droit-du-travail/les-absences-pour-maladie-et-conges-pour-evenements-familiaux/article/le-conge-parental-d-education#Peut-on-exercer-une-activite-professionnelle-suivre-une-formation-durant-nbsp","https://www.service-public.fr/particuliers/vosdroits/F13818","https://travail-emploi.gouv.fr/droit-du-travail/les-absences-pour-maladie-et-conges-pour-evenements-familiaux/article/le-conge-parental-d-education#Que-se-passe-t-il-a-l-issue-du-conge","https://www.service-public.fr/particuliers/vosdroits/F32126","https://www.service-public.fr/particuliers/vosdroits/F2280","https://www.service-public.fr/particuliers/vosdroits/F2332","https://www.service-public.fr/particuliers/vosdroits/F13478","https://www.service-public.fr/particuliers/vosdroits/F540","https://www.service-public.fr/particuliers/vosdroits/F13820","https://www.service-public.fr/particuliers/vosdroits/F1254","https://travail-emploi.gouv.fr/archives/archives-courantes/article/5-questions-reponses-sur-les-conges-familiaux#Question-5-Conge-parental-un-droit-pour-tous","https://travail-emploi.gouv.fr/droit-du-travail/les-absences-pour-maladie-et-conges-pour-evenements-familiaux/article/le-conge-parental-d-education#Le-conge-parental-d-education-ouvre-t-il-systematiquement-droit-a-la-nbsp","https://www.service-public.fr/particuliers/vosdroits/F13476","https://www.service-public.fr/particuliers/vosdroits/F1235",0,0,0
"Defaultl","compte personnel de formation","https://www.service-public.fr/particuliers/vosdroits/F10705","","","","","1/1",1,"","","","","https://www.service-public.fr/particuliers/vosdroits/F10705","https://www.service-public.fr/particuliers/vosdroits/F12382","https://www.service-public.fr/particuliers/vosdroits/F18090","https://www.service-public.fr/particuliers/vosdroits/F3040","https://www.service-public.fr/particuliers/vosdroits/F3080","https://travail-emploi.gouv.fr/sante-au-travail/les-acteurs-et-interlocuteurs-de-la-sante-au-travail/comite-d-hygiene-de-securite-et-des-conditions-de-travail/delegue-du-personnel/article/la-formation-des-delegues-du-personnel-en-sante-et-securite-au-travail#La-formation-des-delegues-du-personnel","https://travail-emploi.gouv.fr/sante-au-travail/les-acteurs-et-interlocuteurs-de-la-sante-au-travail/comite-d-hygiene-de-securite-et-des-conditions-de-travail/delegue-du-personnel/article/la-formation-des-delegues-du-personnel-en-sante-et-securite-au-travail#La-formation-des-chefs-d-entreprise","https://travail-emploi.gouv.fr/archives/archives-courantes/article/5-questions-reponses-sur-le-compte-personnel-d-activite#t1-Le-compte-personnel-d-activite-c-est-quoi","https://www.service-public.fr/particuliers/vosdroits/F31878","https://www.service-public.fr/particuliers/vosdroits/F14039","https://www.service-public.fr/particuliers/vosdroits/F3013","https://www.service-public.fr/particuliers/vosdroits/F2297","https://www.service-public.fr/particuliers/vosdroits/F34029","https://travail-emploi.gouv.fr/archives/archives-courantes/article/5-questions-reponses-sur-le-compte-personnel-d-activite#t2-Le-compte-personnel-d-activite-pour-qui","https://travail-emploi.gouv.fr/archives/archives-courantes/article/5-questions-reponses-sur-le-compte-personnel-d-activite#t4-Le-compte-personnel-d-activite-comment-ca-marche","https://travail-emploi.gouv.fr/archives/archives-courantes/article/5-questions-reponses-sur-le-compte-personnel-d-activite#t5-Le-compte-personnel-d-activite-quels-services-en-ligne-nbsp","https://www.service-public.fr/particuliers/vosdroits/F3033","https://travail-emploi.gouv.fr/sante-au-travail/les-acteurs-et-interlocuteurs-de-la-sante-au-travail/comite-d-hygiene-de-securite-et-des-conditions-de-travail/delegue-du-personnel/article/le-delegue-du-personnel-en-bref#Formation-des-delegues-du-personnel-dans-le-domaine-de-la-securite-et-de-la-nbsp","https://travail-emploi.gouv.fr/emploi/accompagnement-des-mutations-economiques/appui-aux-mutations-economiques/article/conventions-de-fne-formation#Quelles-sont-les-formations-eligibles","https://www.service-public.fr/professionnels-entreprises/vosdroits/F23466",1,1,0
"Defaultl","solde de tout compte","https://www.service-public.fr/particuliers/vosdroits/F86","https://www.service-public.fr/particuliers/vosdroits/F86","https://www.service-public.fr/particuliers/vosdroits/F2413","https://www.legifrance.gouv.fr/affichCodeArticle.do?idArticle=LEGIARTI000019071122&cidTexte=LEGITEXT000006072050","https://www.service-public.fr/particuliers/vosdroits/F31896","4/5",1,1,"",6,8,"https://www.service-public.fr/particuliers/vosdroits/F86","modeles_de_courriers/recu-pour-solde-de-tout-compte","faq/a-quel-moment-mon-employeur-doit-il-me-fournir-mon-solde-tout-compte","https://travail-emploi.gouv.fr/droit-du-travail/la-rupture-du-contrat-de-travail/article/les-documents-remis-aux-salaries-lors-de-la-rupture-du-contrat-de-travail#En-quoi-consiste-le-solde-de-tout-compte","https://travail-emploi.gouv.fr/droit-du-travail/les-conges-payes-et-les-conges-pour-projets-pro-et-perso/article/le-conge-sans-solde#Quelle-est-la-procedure","https://www.legifrance.gouv.fr/affichCodeArticle.do?idArticle=LEGIARTI000019071122&cidTexte=LEGITEXT000006072050","https://www.service-public.fr/particuliers/vosdroits/F10033","https://www.service-public.fr/particuliers/vosdroits/F31896","https://www.legifrance.gouv.fr/affichCodeArticle.do?idArticle=LEGIARTI000018537550&cidTexte=LEGITEXT000006072050","https://www.legifrance.gouv.fr/affichCodeArticle.do?idArticle=LEGIARTI000018537552&cidTexte=LEGITEXT000006072050","https://www.service-public.fr/particuliers/vosdroits/F31898","https://www.legifrance.gouv.fr/affichCodeArticle.do?idArticle=LEGIARTI000033333135&cidTexte=LEGITEXT000006072050","https://www.service-public.fr/particuliers/vosdroits/F32431","https://www.service-public.fr/particuliers/vosdroits/F31231","https://www.service-public.fr/particuliers/vosdroits/F10705","https://www.service-public.fr/particuliers/vosdroits/F1052","https://www.service-public.fr/particuliers/vosdroits/F16842","https://www.service-public.fr/particuliers/vosdroits/F1745","https://www.legifrance.gouv.fr/affichCodeArticle.do?idArticle=LEGIARTI000033333147&cidTexte=LEGITEXT000006072050","https://www.service-public.fr/particuliers/vosdroits/F33164",0,0.68,0.68
"Defaultl","licenciement √©conomique conditions","https://www.service-public.fr/professionnels-entreprises/vosdroits/F24648","https://www.service-public.fr/particuliers/vosdroits/F13482","https://www.service-public.fr/particuliers/vosdroits/F31618","","","3/3",4,6,2,"","","https://www.service-public.fr/particuliers/vosdroits/F19645","https://www.service-public.fr/particuliers/vosdroits/F31618","https://www.service-public.fr/particuliers/vosdroits/F13782","https://www.service-public.fr/professionnels-entreprises/vosdroits/F24648","https://www.service-public.fr/particuliers/vosdroits/F1647","https://www.service-public.fr/particuliers/vosdroits/F13482","https://www.service-public.fr/particuliers/vosdroits/F2808","https://www.service-public.fr/particuliers/vosdroits/F31898","https://www.service-public.fr/particuliers/vosdroits/F2831","https://travail-emploi.gouv.fr/droit-du-travail/la-rupture-du-contrat-de-travail/article/la-procedure-de-licenciement-economique-de-2-a-9-salaries#Quelles-sont-les-etapes-de-la-procedure-de-licenciement","https://www.service-public.fr/particuliers/vosdroits/F2776","https://travail-emploi.gouv.fr/droit-du-travail/la-rupture-du-contrat-de-travail/article/la-procedure-en-cas-de-licenciement-individuel-pour-motif-economique#Comment-est-notifie-le-licenciement","https://www.service-public.fr/professionnels-entreprises/vosdroits/F24649","themes/puis-je-contester-un-licenciement-pour-motif-economique","https://travail-emploi.gouv.fr/droit-du-travail/la-rupture-du-contrat-de-travail/article/la-definition-du-licenciement-pour-motif-economique#La-cessation-d-activite","https://www.service-public.fr/particuliers/vosdroits/F15800","https://www.service-public.fr/particuliers/vosdroits/F2811","https://travail-emploi.gouv.fr/droit-du-travail/la-rupture-du-contrat-de-travail/article/la-definition-du-licenciement-pour-motif-economique#La-transformation-d-emploi","https://travail-emploi.gouv.fr/droit-du-travail/la-rupture-du-contrat-de-travail/article/la-definition-du-licenciement-pour-motif-economique#Les-mutations-technologiques","https://travail-emploi.gouv.fr/droit-du-travail/la-rupture-du-contrat-de-travail/article/la-definition-du-licenciement-pour-motif-economique#La-suppression-d-emploi",0,0.7333333333333333,0.7333333333333333
"Defaultl","cong√©s pay√©s","https://www.service-public.fr/particuliers/vosdroits/F2258","","","","","1/1",1,"","","","","https://www.service-public.fr/particuliers/vosdroits/F2258","https://travail-emploi.gouv.fr/droit-du-travail/les-conges-payes-et-les-conges-pour-projets-pro-et-perso/article/les-conges-payes#Qui-a-droit-aux-conges-payes","https://travail-emploi.gouv.fr/droit-du-travail/les-conges-payes-et-les-conges-pour-projets-pro-et-perso/article/les-conges-payes#Quelles-sont-les-modalites-de-prise-des-conges-payes","https://travail-emploi.gouv.fr/droit-du-travail/les-conges-payes-et-les-conges-pour-projets-pro-et-perso/article/les-conges-payes#Quelles-sont-les-consequences-de-la-maladie-durant-les-conges-payes-nbsp","modeles_de_courriers/reclamation-conges-payes","https://travail-emploi.gouv.fr/droit-du-travail/les-conges-payes-et-les-conges-pour-projets-pro-et-perso/article/les-conges-payes#A-quel-moment-prendre-les-conges-payes","https://travail-emploi.gouv.fr/droit-du-travail/les-conges-payes-et-les-conges-pour-projets-pro-et-perso/article/les-conges-payes#Quelle-est-l-incidence-de-l-absence-pour-maladie-sur-le-droit-aux-conges-nbsp","https://www.service-public.fr/particuliers/vosdroits/F24661","https://www.service-public.fr/particuliers/vosdroits/F2262","https://www.service-public.fr/particuliers/vosdroits/F12598","https://travail-emploi.gouv.fr/droit-du-travail/la-remuneration/article/la-remuneration-de-l-interimaire#Quelle-est-l-indemnite-de-conges-payes","https://travail-emploi.gouv.fr/droit-du-travail/les-conges-payes-et-les-conges-pour-projets-pro-et-perso/article/les-conges-payes#Qu-appelle-t-on-periode-de-reference","https://www.service-public.fr/particuliers/vosdroits/F33359","https://travail-emploi.gouv.fr/droit-du-travail/les-conges-payes-et-les-conges-pour-projets-pro-et-perso/article/les-conges-payes#de-quoi-s-agit-il","https://www.service-public.fr/particuliers/vosdroits/F12814","https://travail-emploi.gouv.fr/droit-du-travail/les-conges-payes-et-les-conges-pour-projets-pro-et-perso/article/les-conges-payes#Comment-calculer-le-nombre-de-jours-de-conges","faq/comment-sont-remuneres-les-conges-payes-avec-le-cesu","faq/je-suis-en-arret-maladie-ordinaire-est-ce-que-jacquiers-des-conges-payes","https://www.service-public.fr/particuliers/vosdroits/F33927","https://www.service-public.fr/particuliers/vosdroits/F2930",1,1,0
"Defaultl","epargne salariale","https://www.service-public.fr/particuliers/vosdroits/N517","https://www.legifrance.gouv.fr/affichCodeArticle.do?idArticle=LEGIARTI000006903041&cidTexte=LEGITEXT000006072050","","","","0/2","","","","","","https://www.service-public.fr/particuliers/vosdroits/F2142","https://www.service-public.fr/particuliers/vosdroits/F1907","https://www.legifrance.gouv.fr/affichCodeArticle.do?idArticle=LEGIARTI000020465089&cidTexte=LEGITEXT000006072050","https://www.legifrance.gouv.fr/affichCodeArticle.do?idArticle=LEGIARTI000031012197&cidTexte=LEGITEXT000006072050","https://www.legifrance.gouv.fr/affichCodeArticle.do?idArticle=LEGIARTI000031588667&cidTexte=LEGITEXT000006072050","https://www.legifrance.gouv.fr/affichCodeArticle.do?idArticle=LEGIARTI000031086146&cidTexte=LEGITEXT000006072050","https://www.legifrance.gouv.fr/affichCodeArticle.do?idArticle=LEGIARTI000025576752&cidTexte=LEGITEXT000006072050","https://www.legifrance.gouv.fr/affichCodeArticle.do?idArticle=LEGIARTI000020465083&cidTexte=LEGITEXT000006072050","https://www.legifrance.gouv.fr/affichCodeArticle.do?idArticle=LEGIARTI000030442424&cidTexte=LEGITEXT000006072050","https://www.legifrance.gouv.fr/affichCodeArticle.do?idArticle=LEGIARTI000006903119&cidTexte=LEGITEXT000006072050","https://www.legifrance.gouv.fr/affichCodeArticle.do?idArticle=LEGIARTI000028337843&cidTexte=LEGITEXT000006072050","https://www.legifrance.gouv.fr/affichCodeArticle.do?idArticle=LEGIARTI000036483366&cidTexte=LEGITEXT000006072050","https://www.legifrance.gouv.fr/affichCodeArticle.do?idArticle=LEGIARTI000035653151&cidTexte=LEGITEXT000006072050","https://www.legifrance.gouv.fr/affichCodeArticle.do?idArticle=LEGIARTI000020465093&cidTexte=LEGITEXT000006072050","https://www.legifrance.gouv.fr/affichCodeArticle.do?idArticle=LEGIARTI000020465104&cidTexte=LEGITEXT000006072050","https://www.legifrance.gouv.fr/affichCodeArticle.do?idArticle=LEGIARTI000031588636&cidTexte=LEGITEXT000006072050","https://www.legifrance.gouv.fr/affichCodeArticle.do?idArticle=LEGIARTI000020465112&cidTexte=LEGITEXT000006072050","https://www.legifrance.gouv.fr/affichCodeArticle.do?idArticle=LEGIARTI000006903121&cidTexte=LEGITEXT000006072050","https://www.legifrance.gouv.fr/affichCodeArticle.do?idArticle=LEGIARTI000006903073&cidTexte=LEGITEXT000006072050","https://www.legifrance.gouv.fr/affichCodeArticle.do?idArticle=LEGIARTI000033515949&cidTexte=LEGITEXT000006072050",0,0,0
"Defaultl","harc√®lement moral","http://travail-emploi.gouv.fr/droit-du-travail/relations-au-travail/harcelement-discrimination/article/le-harcelement-moral#Quels-recours","https://www.legifrance.gouv.fr/affichCodeArticle.do?idArticle=LEGIARTI000006900818&cidTexte=LEGITEXT000006072050","http://travail-emploi.gouv.fr/droit-du-travail/relations-au-travail/harcelement-discrimination/article/le-harcelement-moral#Qui-organise-la-prevention-en-matiere-de-harcelement-moral","http://travail-emploi.gouv.fr/droit-du-travail/relations-au-travail/harcelement-discrimination/article/le-harcelement-moral#Quelles-sanctions-a-l-encontre-de-l-auteur-de-harcelement-moral-nbsp","","1/4","",10,"","","","https://travail-emploi.gouv.fr/droit-du-travail/egalite-professionnelle-discrimination-et-harcelement/article/le-harcelement-moral#Qui-organise-la-prevention-en-matiere-de-harcelement-moral","https://travail-emploi.gouv.fr/droit-du-travail/egalite-professionnelle-discrimination-et-harcelement/article/le-harcelement-moral#Quels-recours","https://travail-emploi.gouv.fr/droit-du-travail/egalite-professionnelle-discrimination-et-harcelement/article/le-harcelement-moral#Quelle-est-l-etendue-de-la-protection-des-victimes-et-des-temoins-du-nbsp","https://travail-emploi.gouv.fr/droit-du-travail/egalite-professionnelle-discrimination-et-harcelement/article/le-harcelement-moral#Quelles-sanctions-a-l-encontre-de-l-auteur-de-harcelement-moral-nbsp","https://travail-emploi.gouv.fr/droit-du-travail/egalite-professionnelle-discrimination-et-harcelement/article/le-harcelement-moral#La-mediation-dans-quelles-conditions","https://travail-emploi.gouv.fr/droit-du-travail/egalite-professionnelle-discrimination-et-harcelement/article/le-harcelement-sexuel#Qui-organise-la-prevention-en-matiere-de-harcelement-sexuel-nbsp","https://travail-emploi.gouv.fr/droit-du-travail/egalite-professionnelle-discrimination-et-harcelement/article/le-harcelement-sexuel#Quelles-sanctions-en-cas-de-discriminations-faisant-suite-a-du-harcelement-nbsp","https://www.legifrance.gouv.fr/affichCodeArticle.do?idArticle=LEGIARTI000006900822&cidTexte=LEGITEXT000006072050","https://www.legifrance.gouv.fr/affichCodeArticle.do?idArticle=LEGIARTI000029144897&cidTexte=LEGITEXT000006072050","https://www.legifrance.gouv.fr/affichCodeArticle.do?idArticle=LEGIARTI000006900818&cidTexte=LEGITEXT000006072050","https://www.legifrance.gouv.fr/affichCodeArticle.do?idArticle=LEGIARTI000006900823&cidTexte=LEGITEXT000006072050","https://www.legifrance.gouv.fr/affichCodeArticle.do?idArticle=LEGIARTI000026268420&cidTexte=LEGITEXT000006072050","https://www.legifrance.gouv.fr/affichCodeArticle.do?idArticle=LEGIARTI000026268384&cidTexte=LEGITEXT000006072050","https://travail-emploi.gouv.fr/sante-au-travail/prevention-des-risques-pour-la-sante-au-travail/article/les-rps-c-est-quoi#Les-risques-psychosociaux-quels-sont-ils","https://www.service-public.fr/particuliers/vosdroits/F33681","https://www.legifrance.gouv.fr/affichCodeArticle.do?idArticle=LEGIARTI000033020998&cidTexte=LEGITEXT000006072050","https://www.legifrance.gouv.fr/affichCodeArticle.do?idArticle=LEGIARTI000035609536&cidTexte=LEGITEXT000006072050","https://travail-emploi.gouv.fr/actualites/l-actualite-du-ministere/article/5-questions-reponses-sur-la-sante-au-travail#t5-Quand-solliciter-le-medecin-du-travail","https://www.legifrance.gouv.fr/affichCodeArticle.do?idArticle=LEGIARTI000033022327&cidTexte=LEGITEXT000006072050","https://travail-emploi.gouv.fr/archives/archives-courantes/article/5-questions-reponses-sur-le-recours-devant-les-prud-hommes#Question-1-Pour-quels-litiges",0,0.04999999999999999,0.04999999999999999
"Defaultl","certificat de travail","https://www.service-public.fr/particuliers/vosdroits/F87","http://travail-emploi.gouv.fr/droit-du-travail/rupture-de-contrats/licenciement/article/les-documents-remis-aux-salaries-lors-de-la-rupture-du-contrat-de-travail#Quand-delivrer-le-certificat-de-travail","https://codedutravail-dev.num.social.gouv.fr/modeles-de-courriers/modele-de-certificat-de-travail?q=certificat%20de%20travail&search=0","","","1/3",1,"","","","","https://www.service-public.fr/particuliers/vosdroits/F87","modeles_de_courriers/modele-de-certificat-de-travail","https://travail-emploi.gouv.fr/droit-du-travail/la-rupture-du-contrat-de-travail/article/les-documents-remis-aux-salaries-lors-de-la-rupture-du-contrat-de-travail#Quand-delivrer-le-certificat-de-travail","https://www.service-public.fr/particuliers/vosdroits/F2543","https://www.service-public.fr/particuliers/vosdroits/F10033","https://www.service-public.fr/particuliers/vosdroits/F16842","faq/mon-contrat-de-travail-prend-fin-quels-documents-mon-employeur-doit-me-remettre","https://www.service-public.fr/particuliers/vosdroits/F31898","https://www.service-public.fr/particuliers/vosdroits/F24409","https://travail-emploi.gouv.fr/droit-du-travail/la-rupture-du-contrat-de-travail/article/les-documents-remis-aux-salaries-lors-de-la-rupture-du-contrat-de-travail#Et-l-attestation-pour-Pole-Emploi","https://www.service-public.fr/particuliers/vosdroits/F20744","https://www.service-public.fr/particuliers/vosdroits/F11215","https://www.service-public.fr/particuliers/vosdroits/F40","https://travail-emploi.gouv.fr/droit-du-travail/les-absences-pour-maladie-et-conges-pour-evenements-familiaux/article/le-conge-de-paternite-et-d-accueil-de-l-enfant#Quels-effets-sur-le-contrat-de-travail","https://travail-emploi.gouv.fr/droit-du-travail/la-rupture-du-contrat-de-travail/article/la-rupture-conventionnelle-du-contrat-de-travail-a-duree-indeterminee#Quelles-sont-les-indemnites-dues-au-salarie","https://www.service-public.fr/particuliers/vosdroits/F32157","https://travail-emploi.gouv.fr/droit-du-travail/le-particulier-employeur/article/les-droits-et-obligations-des-salaries-du-particulier-employeur#Beneficier-d-un-certain-nombre-de-garanties-en-cas-de-rupture-du-contrat-de-nbsp","https://www.legifrance.gouv.fr/affichCodeArticle.do?idArticle=LEGIARTI000022442032&cidTexte=LEGITEXT000006072050","https://www.service-public.fr/particuliers/vosdroits/F1654","https://www.service-public.fr/particuliers/vosdroits/F175",0,0.3333333333333333,0.3333333333333333
"Defaultl","demission cdi chomage","https://www.service-public.fr/particuliers/vosdroits/F89","http://travail-emploi.gouv.fr/droit-du-travail/rupture-de-contrats/demission/article/le-droit-aux-allocations-chomage-du-salarie-demissionnaire#Quelles-sont-les-demissions-considerees-comme-legitimes","https://www.service-public.fr/particuliers/vosdroits/F2883","","","2/3",2,"",3,"","","https://travail-emploi.gouv.fr/droit-du-travail/la-rupture-du-contrat-de-travail/article/la-rupture-conventionnelle-du-contrat-de-travail-a-duree-indeterminee#En-quoi-consiste-l-homologation-de-la-convention","https://www.service-public.fr/particuliers/vosdroits/F89","https://www.service-public.fr/particuliers/vosdroits/F2883","https://www.service-public.fr/particuliers/vosdroits/F14100","https://travail-emploi.gouv.fr/droit-du-travail/la-rupture-du-contrat-de-travail/article/le-droit-aux-allocations-chomage-du-salarie-demissionnaire#Quelles-sont-les-demissions-considerees-comme-legitimes","https://www.service-public.fr/particuliers/vosdroits/F24409","https://www.service-public.fr/particuliers/vosdroits/F513","https://www.service-public.fr/particuliers/vosdroits/F21050","https://www.service-public.fr/particuliers/vosdroits/F542","https://www.service-public.fr/particuliers/vosdroits/F87","https://www.service-public.fr/particuliers/vosdroits/F21006","https://travail-emploi.gouv.fr/emploi/indemnisation/article/allocation-d-aide-au-retour-a-l-emploi-are#Dans-quelles-conditions-l-allocation-d-aide-au-retour-a-l-emploi-est-elle-nbsp","https://www.service-public.fr/particuliers/vosdroits/F2867","https://travail-emploi.gouv.fr/droit-du-travail/la-vie-du-contrat-de-travail/article/la-mobilite-volontaire-securisee#Quelle-est-la-situation-du-salarie-en-l-absence-de-reintegration-dans-son-nbsp","https://www.service-public.fr/particuliers/vosdroits/F408","https://www.legifrance.gouv.fr/affichCodeArticle.do?idArticle=LEGIARTI000036411569&cidTexte=LEGITEXT000006072050","https://travail-emploi.gouv.fr/emploi/indemnisation/article/le-cumul-de-l-allocation-d-aide-au-retour-a-l-emploi-avec-une-remuneration#Quelle-est-la-situation-des-allocataires-ayant-plusieurs-activites-nbsp","https://www.service-public.fr/particuliers/vosdroits/F12386","https://travail-emploi.gouv.fr/droit-du-travail/la-vie-du-contrat-de-travail/article/la-periode-d-essai-100977#La-periode-d-essai-peut-elle-etre-rompue","https://www.service-public.fr/particuliers/vosdroits/F12686",0,0.6333333333333333,0.6333333333333333
"Defaultl","licenciement pour faute grave","https://www.service-public.fr/particuliers/vosdroits/F1137","https://www.service-public.fr/particuliers/vosdroits/F987","https://www.service-public.fr/particuliers/vosdroits/F2839","","","3/3",1,3,4,"","","https://www.service-public.fr/particuliers/vosdroits/F1137","https://www.service-public.fr/particuliers/vosdroits/F2855","https://www.service-public.fr/particuliers/vosdroits/F987","https://www.service-public.fr/particuliers/vosdroits/F2839","https://www.service-public.fr/particuliers/vosdroits/F2835","https://www.service-public.fr/particuliers/vosdroits/F2873","https://www.service-public.fr/particuliers/vosdroits/F22","https://travail-emploi.gouv.fr/droit-du-travail/la-rupture-du-contrat-de-travail/article/le-licenciement-pour-motif-personnel-les-causes-possibles-les-sanctions#Qu-est-ce-qu-un-motif-personnel","https://www.service-public.fr/particuliers/vosdroits/F514","https://travail-emploi.gouv.fr/droit-du-travail/les-absences-pour-maladie-et-conges-pour-evenements-familiaux/article/les-garanties-liees-a-la-maternite-ou-a-l-adoption#Quelle-est-la-protection-en-matiere-de-licenciement","https://travail-emploi.gouv.fr/droit-du-travail/la-rupture-du-contrat-de-travail/article/le-licenciement-pour-motif-personnel-les-causes-possibles-les-sanctions#Existe-t-il-des-motifs-de-licenciement-interdits","https://www.service-public.fr/particuliers/vosdroits/F133","https://www.service-public.fr/particuliers/vosdroits/F1745","https://www.service-public.fr/particuliers/vosdroits/F371","https://www.service-public.fr/particuliers/vosdroits/F32292","https://travail-emploi.gouv.fr/droit-du-travail/la-rupture-du-contrat-de-travail/article/le-licenciement-pour-motif-personnel-les-causes-possibles-les-sanctions#Qu-est-ce-qu-une-cause-reelle-et-serieuse","https://travail-emploi.gouv.fr/sante-au-travail/les-acteurs-et-interlocuteurs-de-la-sante-au-travail/comite-d-hygiene-de-securite-et-des-conditions-de-travail/qu-est-ce-qu-un-chsct/article/la-protection-en-cas-de-licenciement#Quelle-est-la-duree-d-application-du-statut-protecteur","faq/je-travaille-dans-une-entreprise-de-nettoyage-de-locaux-jai-recu-ma-convocation-pour-un-entretien-de-licenciement-quels-sont-mes-droits-pour-le-preavis","https://travail-emploi.gouv.fr/dialogue-social/le-comite-social-et-economique/article/la-protection-en-cas-de-licenciement#Quelle-est-la-duree-d-application-du-statut-protecteur","https://travail-emploi.gouv.fr/droit-du-travail/la-rupture-du-contrat-de-travail/article/la-procedure-en-cas-de-licenciement-pour-motif-personnel#Quelles-sont-les-regles-applicables-au-preavis",0,0.9333333333333332,0.9333333333333332
"Defaultl","calcul indemnit√© rupture conventionnelle","https://www.telerc.travail.gouv.fr/RuptureConventionnellePortailPublic/jsp/site/Portal.jsp?page_id=14","http://travail-emploi.gouv.fr/droit-du-travail/rupture-de-contrats/article/la-rupture-conventionnelle-du-contrat-de-travail-a-duree-indeterminee#Quelles-sont-les-indemnites-dues-au-salarie","https://www.legifrance.gouv.fr/affichCodeArticle.do?idArticle=LEGIARTI000036498303&cidTexte=LEGITEXT000006072050","","","1/3","","",7,"","","https://www.service-public.fr/particuliers/vosdroits/F19030","https://travail-emploi.gouv.fr/droit-du-travail/la-rupture-du-contrat-de-travail/article/la-rupture-conventionnelle-collective#Comment-est-mise-en-place-la-rupture-conventionnelle-collective-nbsp","https://travail-emploi.gouv.fr/droit-du-travail/la-rupture-du-contrat-de-travail/article/la-rupture-conventionnelle-du-contrat-de-travail-a-duree-indeterminee#Quelles-sont-les-indemnites-dues-au-salarie","https://www.service-public.fr/professionnels-entreprises/vosdroits/F23261","https://www.service-public.fr/particuliers/vosdroits/F24660","https://www.service-public.fr/particuliers/vosdroits/F987","https://www.legifrance.gouv.fr/affichCodeArticle.do?idArticle=LEGIARTI000036498303&cidTexte=LEGITEXT000006072050","https://www.service-public.fr/particuliers/vosdroits/F31225","https://www.service-public.fr/particuliers/vosdroits/F13965","https://travail-emploi.gouv.fr/emploi/indemnisation/article/allocation-d-aide-au-retour-a-l-emploi-are#Dans-quelles-conditions-l-allocation-d-aide-au-retour-a-l-emploi-est-elle-nbsp","https://travail-emploi.gouv.fr/sante-au-travail/suivi-de-la-sante-au-travail-10727/article/la-reconnaissance-de-l-inaptitude-medicale-au-travail-et-ses-consequences#Quelles-sont-les-indemnites-versees-lors-d-un-licenciement-pour-inaptitude-nbsp","https://travail-emploi.gouv.fr/droit-du-travail/la-remuneration/article/saisie-et-cessions-des-remunerations#Quelles-sont-les-sommes-concernees","https://travail-emploi.gouv.fr/droit-du-travail/les-contrats-de-travail/article/le-contrat-a-duree-indeterminee-de-chantier-ou-d-operation#CDI-de-chantier-ou-d-operation-comment-est-il-rompu","https://www.service-public.fr/particuliers/vosdroits/F2262","https://www.service-public.fr/particuliers/vosdroits/F1643","https://travail-emploi.gouv.fr/emploi/accompagnement-des-mutations-economiques/article/les-accords-de-maintien-de-l-emploi#L-accord-peut-il-etre-suspendu","https://www.service-public.fr/particuliers/vosdroits/F2883","https://travail-emploi.gouv.fr/droit-du-travail/le-reglement-des-conflits-individuels-et-collectifs/article/le-conseil-de-prud-hommes#Comment-se-deroule-une-procedure","https://travail-emploi.gouv.fr/droit-du-travail/les-conges-payes-et-les-conges-pour-projets-pro-et-perso/article/les-conges-payes#Dans-quels-cas-le-salarie-a-t-il-droit-a-des-conges-supplementaires-nbsp","https://www.service-public.fr/particuliers/vosdroits/F40",0,0.19999999999999998,0.19999999999999998
"Defaultl","contrat de professionnalisation salaire","http://travail-emploi.gouv.fr/formation-professionnelle/se-former-en-alternance/le-contrat-de-professionnalisation/article/le-contrat-de-professionnalisation#Remuneration","","","","","0/1","","","","","","https://travail-emploi.gouv.fr/formation-professionnelle/se-former-en-alternance/le-contrat-de-professionnalisation/article/le-contrat-de-professionnalisation#Un-contrat-de-professionnalisation-pour-qui","https://travail-emploi.gouv.fr/actualites/l-actualite-du-ministere/article/5-questions-reponses-sur-le-contrat-pro#Question-5-Comment-trouver-un-contrat-Pro","https://www.service-public.fr/particuliers/vosdroits/F15478","https://travail-emploi.gouv.fr/formation-professionnelle/se-former-en-alternance/le-contrat-de-professionnalisation/article/le-contrat-de-professionnalisation#Quelles-demarches-pour-formaliser-un-contrat-de-professionnalisation-nbsp","https://travail-emploi.gouv.fr/formation-professionnelle/se-former-en-alternance/le-contrat-de-professionnalisation/article/le-contrat-de-professionnalisation#Quels-contrats-et-conditions-de-travail-du-contrat-de-professionnalisation-nbsp","https://travail-emploi.gouv.fr/formation-professionnelle/se-former-en-alternance/le-contrat-de-professionnalisation/article/le-contrat-de-professionnalisation#Quelles-sont-les-obligations-respectives-des-parties-au-contrat-de-nbsp","https://travail-emploi.gouv.fr/actualites/l-actualite-du-ministere/article/5-questions-reponses-sur-le-contrat-pro#Question-4-Quelle-remuneration","https://travail-emploi.gouv.fr/formation-professionnelle/se-former-en-alternance/le-contrat-de-professionnalisation/article/le-contrat-de-professionnalisation#Remuneration","https://travail-emploi.gouv.fr/formation-professionnelle/se-former-en-alternance/le-contrat-de-professionnalisation/article/le-contrat-de-professionnalisation#Quelles-sont-les-modalites-de-rupture-du-contrat-de-professionnalisation-et-nbsp","https://travail-emploi.gouv.fr/formation-professionnelle/se-former-en-alternance/le-contrat-de-professionnalisation/article/le-contrat-de-professionnalisation#Quelles-sont-les-aides-a-l-embauche-en-contrat-de-professionnalisation-nbsp","https://www.service-public.fr/particuliers/vosdroits/F31704","https://www.service-public.fr/particuliers/vosdroits/F34153","https://travail-emploi.gouv.fr/actualites/l-actualite-du-ministere/article/5-questions-reponses-sur-le-contrat-pro#Question-3-Comment-s-organise-la-formation","https://travail-emploi.gouv.fr/emploi/mesures-seniors/article/l-aide-a-l-embauche-d-un-demandeur-d-emploi-de-45-ans-et-plus-en-contrat-de#Quelles-sont-les-conditions-a-remplir","https://travail-emploi.gouv.fr/emploi/mesures-seniors/article/l-aide-a-l-embauche-d-un-demandeur-d-emploi-de-45-ans-et-plus-en-contrat-de#Quel-est-le-montant-de-l-aide-et-quelle-sont-ses-modalites-de-versement-nbsp","https://travail-emploi.gouv.fr/actualites/l-actualite-du-ministere/article/5-questions-reponses-sur-le-versement-du-salaire#t1-Comment-est-fixe-le-salaire-minimum","https://travail-emploi.gouv.fr/droit-du-travail/la-vie-du-contrat-de-travail/article/contrat-de-travail-les-principales-caracteristiques#Le-contrat-doit-il-etre-ecrit","https://travail-emploi.gouv.fr/droit-du-travail/la-remuneration/article/le-smic-374531#A-qui-s-applique-le-SMIC","https://www.service-public.fr/particuliers/vosdroits/F15635","https://www.service-public.fr/particuliers/vosdroits/F2300",0,0,0
"Defaultl","formulaire accident du travail","https://www.service-public.fr/particuliers/vosdroits/R14587","","","","","0/1","","","","","","https://www.service-public.fr/particuliers/vosdroits/F15341","https://www.service-public.fr/particuliers/vosdroits/F14840","https://travail-emploi.gouv.fr/droit-du-travail/les-absences-pour-maladie-et-conges-pour-evenements-familiaux/article/l-arret-de-travail-pour-accident-du-travail-ou-maladie-professionnelle#Que-se-passe-t-il-a-l-issue-des-periodes-de-suspension-du-contrat-de-nbsp","https://www.service-public.fr/particuliers/vosdroits/F14101","https://travail-emploi.gouv.fr/sante-au-travail/suivi-de-la-sante-au-travail-10727/article/la-reconnaissance-de-l-inaptitude-medicale-au-travail-et-ses-consequences#Que-mentionne-l-avis-d-inaptitude-medicale","https://www.service-public.fr/particuliers/vosdroits/F13348","https://travail-emploi.gouv.fr/formation-professionnelle/se-former/demandeurs-d-emploi/article/les-periodes-de-mise-en-situation-en-milieu-professionnel-pmsmp#Comment-faire-la-demande-d-une-PMSMP","https://www.legifrance.gouv.fr/affichCodeArticle.do?idArticle=LEGIARTI000033740751&cidTexte=LEGITEXT000006072050","https://www.service-public.fr/particuliers/vosdroits/F2981","https://www.service-public.fr/particuliers/vosdroits/F15132","https://www.service-public.fr/particuliers/vosdroits/F32161","https://www.service-public.fr/particuliers/vosdroits/F2110","https://www.service-public.fr/particuliers/vosdroits/F15478","https://www.service-public.fr/particuliers/vosdroits/F348","https://www.service-public.fr/particuliers/vosdroits/F1225","https://www.service-public.fr/particuliers/vosdroits/F10705","https://www.service-public.fr/particuliers/vosdroits/F706","https://www.service-public.fr/particuliers/vosdroits/F12390","https://www.service-public.fr/particuliers/vosdroits/F3169","https://travail-emploi.gouv.fr/droit-du-travail/le-particulier-employeur/article/les-droits-et-obligations-des-salaries-du-particulier-employeur#Beneficier-d-un-suivi-medical",0,0,0
"Defaultl","combien est on pay√© en accident de travail","https://www.service-public.fr/particuliers/vosdroits/F175","","","","","0/1","","","","","","","","","","","","","","","","","","","","","","","","","",0,0,0
"Defaultl","retraite anticip√©e travailleur handicap√© fonction publique","hors scope","","","","","0/1","","","","","","https://www.service-public.fr/particuliers/vosdroits/F497","https://www.service-public.fr/particuliers/vosdroits/F14044","https://www.service-public.fr/particuliers/vosdroits/F12390","https://www.service-public.fr/particuliers/vosdroits/F2081","https://www.service-public.fr/particuliers/vosdroits/F543","https://www.service-public.fr/particuliers/vosdroits/F544","https://www.service-public.fr/particuliers/vosdroits/F1648","https://travail-emploi.gouv.fr/sante-au-travail/10-plans-gouvernementaux-sante-au-travail/article/plans-de-sante-au-travail-pst#Plan-de-sante-au-travail-2016-20-PST-3","https://www.service-public.fr/particuliers/vosdroits/F10705","https://www.service-public.fr/particuliers/vosdroits/F2918","https://www.service-public.fr/particuliers/vosdroits/F19030","https://www.legifrance.gouv.fr/affichCodeArticle.do?idArticle=LEGIARTI000036411566&cidTexte=LEGITEXT000006072050","https://travail-emploi.gouv.fr/sante-au-travail/les-acteurs-et-interlocuteurs-de-la-sante-au-travail/comite-d-hygiene-de-securite-et-des-conditions-de-travail/qu-est-ce-qu-un-chsct/article/le-comite-d-hygiene-de-securite-et-des-conditions-de-travail-chsct#La-mise-en-place-des-CHSCT","https://www.service-public.fr/particuliers/vosdroits/F2786","https://www.service-public.fr/particuliers/vosdroits/F430","https://www.service-public.fr/particuliers/vosdroits/F14060","https://www.service-public.fr/particuliers/vosdroits/F496","https://www.service-public.fr/particuliers/vosdroits/F13117","https://www.service-public.fr/particuliers/vosdroits/F515","https://www.service-public.fr/particuliers/vosdroits/F550",0,0,0
"Defaultl","licenciement √©conomique","https://www.service-public.fr/particuliers/vosdroits/F2776","https://www.service-public.fr/professionnels-entreprises/vosdroits/F24648","","","","2/2",10,5,"","","","https://www.service-public.fr/particuliers/vosdroits/F13782","https://www.service-public.fr/particuliers/vosdroits/F19645","https://www.service-public.fr/particuliers/vosdroits/F31618","https://www.service-public.fr/particuliers/vosdroits/F1647","https://www.service-public.fr/professionnels-entreprises/vosdroits/F24648","https://www.service-public.fr/particuliers/vosdroits/F13482","https://www.service-public.fr/particuliers/vosdroits/F31898","https://www.service-public.fr/particuliers/vosdroits/F2808","https://www.service-public.fr/particuliers/vosdroits/F2831","https://www.service-public.fr/particuliers/vosdroits/F2776","themes/puis-je-contester-un-licenciement-pour-motif-economique","https://travail-emploi.gouv.fr/droit-du-travail/la-rupture-du-contrat-de-travail/article/la-procedure-de-licenciement-economique-de-2-a-9-salaries#Quelles-sont-les-etapes-de-la-procedure-de-licenciement","https://travail-emploi.gouv.fr/droit-du-travail/la-rupture-du-contrat-de-travail/article/la-procedure-en-cas-de-licenciement-individuel-pour-motif-economique#Comment-est-notifie-le-licenciement","https://www.service-public.fr/professionnels-entreprises/vosdroits/F24649","https://travail-emploi.gouv.fr/droit-du-travail/la-rupture-du-contrat-de-travail/article/la-definition-du-licenciement-pour-motif-economique#La-cessation-d-activite","https://travail-emploi.gouv.fr/droit-du-travail/la-rupture-du-contrat-de-travail/article/la-definition-du-licenciement-pour-motif-economique#La-transformation-d-emploi","https://travail-emploi.gouv.fr/droit-du-travail/la-rupture-du-contrat-de-travail/article/la-definition-du-licenciement-pour-motif-economique#Les-mutations-technologiques","https://www.service-public.fr/particuliers/vosdroits/F15800","https://travail-emploi.gouv.fr/droit-du-travail/la-rupture-du-contrat-de-travail/article/la-definition-du-licenciement-pour-motif-economique#La-suppression-d-emploi","https://travail-emploi.gouv.fr/droit-du-travail/la-rupture-du-contrat-de-travail/article/la-definition-du-licenciement-pour-motif-economique#Les-difficultes-economiques",0,0.39999999999999997,0.39999999999999997
"Defaultl","convention collective","https://www.service-public.fr/particuliers/vosdroits/F78","https://www.service-public.fr/particuliers/vosdroits/F2395","","","","2/2",1,2,"","","","https://www.service-public.fr/particuliers/vosdroits/F78","https://www.service-public.fr/particuliers/vosdroits/F2395","idcc/2205","idcc/2120","idcc/3217","idcc/0045","idcc/1044","idcc/1518","idcc/1527","idcc/1606","idcc/1850","idcc/2021","idcc/2121","idcc/2148","idcc/2257","idcc/2511","idcc/3123","idcc/0673","idcc/1267","idcc/1543",1,1,0
"Defaultl","cong√© maternit√©","https://www.service-public.fr/particuliers/vosdroits/F2265","http://travail-emploi.gouv.fr/droit-du-travail/temps-de-travail-et-conges/maternite-paternite-et-adoption/article/le-conge-de-maternite#Quelle-est-la-duree-du-conge-de-maternite","https://www.service-public.fr/particuliers/vosdroits/F2873","","","2/3",5,"",9,"","","https://www.service-public.fr/particuliers/vosdroits/F32967","https://travail-emploi.gouv.fr/droit-du-travail/les-absences-pour-maladie-et-conges-pour-evenements-familiaux/article/le-conge-de-maternite#Quelle-est-la-duree-du-conge-de-maternite","https://www.service-public.fr/particuliers/vosdroits/F1730","https://www.service-public.fr/particuliers/vosdroits/F20423","https://www.service-public.fr/particuliers/vosdroits/F2265","https://travail-emploi.gouv.fr/droit-du-travail/les-absences-pour-maladie-et-conges-pour-evenements-familiaux/article/le-conge-de-maternite#Quelles-sont-les-dispositions-specifiques","https://www.service-public.fr/particuliers/vosdroits/F32965","https://www.service-public.fr/particuliers/vosdroits/F2481","https://www.service-public.fr/particuliers/vosdroits/F2873","https://www.service-public.fr/particuliers/vosdroits/F1254","https://travail-emploi.gouv.fr/droit-du-travail/les-absences-pour-maladie-et-conges-pour-evenements-familiaux/article/le-conge-de-maternite#Quelle-est-la-situation-a-l-issue-du-conge","https://travail-emploi.gouv.fr/archives/archives-courantes/article/5-questions-reponses-sur-les-conges-familiaux#Question-4-Conge-de-maternite-quelle-duree","https://www.service-public.fr/particuliers/vosdroits/F2332","https://travail-emploi.gouv.fr/droit-du-travail/les-absences-pour-maladie-et-conges-pour-evenements-familiaux/article/le-conge-parental-d-education#Quelle-est-la-duree-du-conge-parental","https://travail-emploi.gouv.fr/droit-du-travail/les-absences-pour-maladie-et-conges-pour-evenements-familiaux/article/le-conge-parental-d-education#Quelles-sont-les-formalites","https://travail-emploi.gouv.fr/sante-au-travail/statut-des-travailleurs-et-dispositions-particulieres/article/femmes-enceintes#Les-droits-de-la-salariee-et-le-conge-de-maternite","https://www.service-public.fr/particuliers/vosdroits/F13818","https://www.service-public.fr/particuliers/vosdroits/F2280","https://travail-emploi.gouv.fr/droit-du-travail/les-absences-pour-maladie-et-conges-pour-evenements-familiaux/article/le-conge-parental-d-education#Peut-on-exercer-une-activite-professionnelle-suivre-une-formation-durant-nbsp","https://www.service-public.fr/particuliers/vosdroits/F12809",0,0.3333333333333333,0.3333333333333333
